"Carimbo de data/hora","1 - Qual o seu RA?","2 - Qual o seu curso?","3 - Qual o período em que cursa?","4 - Qual o estado do Brasil em que você nasceu?","5 - Qual a sua cidade de residência?","6 - Qual o seu gênero?","7 - Qual a sua data de nascimento?","8 - Qual é o seu estado civil?","9 - Você é portador de alguma necessidade especial?","10 - Quantos filhos você têm?","11 - Com quem você mora atualmente?","12- Quantas pessoas, incluindo você, moram no seu domicílio?","13 - Qual a situação do domicílio onde mora?","14 - Há quanto tempo você mora neste domicílio?","15 - Qual a faixa de renda mensal da sua família (em Salários Mínimos)?","16 - Quantos de cada um dos itens abaixo há em seu domicílio? [Televisores]","16 - Quantos de cada um dos itens abaixo há em seu domicílio? [Video cassete e/ou DVD]","16 - Quantos de cada um dos itens abaixo há em seu domicílio? [Rádio]","16 - Quantos de cada um dos itens abaixo há em seu domicílio? [Automóveis]","16 - Quantos de cada um dos itens abaixo há em seu domicílio? [Motocicleta]","16 - Quantos de cada um dos itens abaixo há em seu domicílio? [Celular comum]","16 - Quantos de cada um dos itens abaixo há em seu domicílio? [Smartphone]","16 - Quantos de cada um dos itens abaixo há em seu domicílio? [Microcomputador de mesa]","16 - Quantos de cada um dos itens abaixo há em seu domicílio? [Notebook]","17 - Em seu domicílio você possui: [Telefone]","17 - Em seu domicílio você possui: [Internet]","17 - Em seu domicílio você possui: [TV por assinatura]","17 - Em seu domicílio você possui: [Empregada Mensalista]","18.1 - Vamos tratar sobre trabalho agora: [Você trabalha?]","18.2 - Qual é o seu vinculo com o emprego?","18.3 - Qual a área do seu trabalho?","18.4 - Qual seu horário de trabalho?","19 - Você tem plano de saúde privado?","20.1 - Vamos considerar a escolaridade da família. Qual a escolaridade da sua mãe?","20.2 - E qual a escolaridade do seu pai?","21 - Na sua vida escolar você estudou?","22.1 -  Vamos tratar sobre uso de microcomputadores? [Com que frequência você utiliza microcomputadores ]","22.2 - Onde você utiliza microcomputadores? [Em casa]","22.2 - Onde você utiliza microcomputadores? [No trabalho]","22.2 - Onde você utiliza microcomputadores? [Na escola]","22.2 - Onde você utiliza microcomputadores? [Em outros lugares]","22.3 - Com qual finalidade você utiliza  microcomputadores? [Para trabalhos profissionais]","22.3 - Com qual finalidade você utiliza  microcomputadores? [Para trabalhos escolares]","22.3 - Com qual finalidade você utiliza  microcomputadores? [Para entretenimento]","22.3 - Com qual finalidade você utiliza  microcomputadores? [Para comunicação por e-mail]","22.3 - Com qual finalidade você utiliza  microcomputadores? [Para operações bancárias]","22.3 - Com qual finalidade você utiliza  microcomputadores? [Para Compras eletrônicas]","23 - Como você classifica  seu conhecimento em  informática?","24 - Qual o seu conhecimento em relações aos aplicativos a seguir?   [Windows]","24 - Qual o seu conhecimento em relações aos aplicativos a seguir?   [Linux]","24 - Qual o seu conhecimento em relações aos aplicativos a seguir?   [Editores de textos (Word, Writer, etc.)]","24 - Qual o seu conhecimento em relações aos aplicativos a seguir?   [ Planilhas eletrônicas (Excel, Calc, etc.)]","24 - Qual o seu conhecimento em relações aos aplicativos a seguir?   [Apresentadores (PowerPoint, Impress, Prezzi, etc.)]","24 - Qual o seu conhecimento em relações aos aplicativos a seguir?   [Sistemas de Gestão Empresarial]","25 -  Agora, considere seu conhecimento sobre idioma: [Inglês]","25 -  Agora, considere seu conhecimento sobre idioma: [Espanhol]","25 -  Agora, considere seu conhecimento sobre idioma: [Outros idiomas]","26 - Considere a busca por informações nos seguintes meios de comunicação: [TV]","26 - Considere a busca por informações nos seguintes meios de comunicação: [Internet]","26 - Considere a busca por informações nos seguintes meios de comunicação: [Revista]","26 - Considere a busca por informações nos seguintes meios de comunicação: [Rádio]","26 - Considere a busca por informações nos seguintes meios de comunicação: [Redes sociais]","26 - Considere a busca por informações nos seguintes meios de comunicação: [Conversa com amigos]","27 -  Com qual frequência você lê jornais?","28 - Se você lê jornal, quais os assuntos que mais lê?","29 - Não considerando os livros escolares, quantos livros você lê por ano (em média)?","30 - Se você lê livros literários, qual gênero preferido?","31 - Você dedica parte do seu tempo para atividades voluntárias?","32 - Qual religião você professa?","33 - Quais fontes de entretenimento cultural você usa?","34 - Estamos quase acabando... Como conheceu a FATEC Franca?","35 - Porque você escolheu este curso?","36 - Qual sua maior expectativa quanto ao curso?","37 - Qual sua expectativa após se formar?","38 - Você já estudou nesta instituição?","39 - Você fez algum curso técnico?","40 - Qual o meio de transporte você usa para vir à faculdade?","41 - Escreva em algumas linhas sobre sua história e seus sonhos de vida."
"2020/03/09 12:12:03 PM GMT-3","1090481923028","Análise e Desenvolvimento de Sistemas (ADS)","Noturno","São Paulo (SP)","Franca","Masculino","1994-11-30","Solteiro(a)","Nenhuma","0","Com pais e(ou) parentes","5","Alugado","Entre 1 e 3 anos.","Mais que 5 até 10 SM (R$ 5.225,01- R$ 10.450,00)","2","1","1","2","0","0","4 ou mais","1","2","Sim","Sim","Não","Não","Sim","Sou registrado em Industria (Calçados/Confecções/outros)","Trabalho fora da área do curso","Manhã e tarde","Não tenho, uso o SUS","Pós-Graduação","Ensino Médio","Sempre em escola pública","Sempre","Sim","Sim","Sim","Não","Sim","Sim","Sim","Não","Não","Sim","Avançado","Alto","Baixo","Intermediário","Intermediário","Baixo","Baixo","Leio, mas não escrevo nem falo","Praticamente nulo","Praticamente nulo","Pouco","Sempre","Pouco","Nunca","Pouco","Às vezes","Algumas vezes por semana","Notícias nacionais;Notícias internacional;Lazer, arte e cultura","De 3 até 6","Ficção","Não","Nenhuma","Cinema;Filmes na internet;Literatura;Música;TV","Indicação de familiar/amigo","Minha vocação é seguir esta carreira","Obter competências para exercício de uma profissão","Conquistar vaga em empresa privada","Não","Sim, no SENAC","Carro","Sou estudante de Ads na Fatec Franca, tecnico em computação gráfica, sempre gostei da área de informatica mas por muito tempo segui a área de artes gráficas. Hoje o meu maior sonho é ter um doutorado e poder viajar o mundo com mochilão"
"2020/03/09 12:14:48 PM GMT-3","1090481923064","Análise e Desenvolvimento de Sistemas (ADS)","Noturno","São Paulo (SP)","Franca","Masculino","1993-09-14","Casado(a) ou União Estável","Nenhuma","0","Com esposa(o) e(ou) filhos","2","Financiado","Entre 3 e 5 anos.","Mais que 2 até 5 SM (R$ 2.090,01- R$ 5.225,00)","1","1","0","1","0","0","2","0","2","Não","Sim","Não","Não","Sim","Sou registrado em empresa pública (Federal/Estadual/Municipal)","Trabalho fora da área do curso","Manhã e tarde","Tenho e é pago parcialmente pela empresa","Ensino Médio","Pós-Graduação","Sempre em escola pública","Sempre","Sim","Sim","Sim","Sim","Sim","Sim","Sim","Sim","Sim","Sim","Alto","Intermediário","Intermediário","Alto","Alto","Alto","Alto","Leio, escrevo e falo razoavelmente","Leio e escrevo mas não falo","Praticamente nulo","Pouco","Sempre","Pouco","Muito","Muito","Às vezes","Algumas vezes por semana","Notícias locais;Notícias nacionais;Notícias internacional;Notícias Policiais","Nenhum","Não leio","Não","Evangélica","Cinema;Filmes na internet;Música;Viagens","Pelo Facebook","Minha vocação é seguir esta carreira","Obter novos conhecimentos","Abrir meu próprio negócio","Não","Sim, no SENAC","Carro","Tenho o sonho de que com esse curso eu adquira conhecimentos e diretrizes para poder ter minha própria empresa e viver de programação."
"2020/03/09 12:33:33 PM GMT-3","1090481923009","Análise e Desenvolvimento de Sistemas (ADS)","Noturno","Minas Gerais (MG)","Franca","Masculino","2001-04-21","Solteiro(a)","Nenhuma","0","Com pais e(ou) parentes","6","Alugado","Menos de 1 ano.","Mais que 2 até 5 SM (R$ 2.090,01- R$ 5.225,00)","2","0","0","2","1","0","3","1","1","Não","Sim","Não","Não","Sim","Sou estagiário","Trabalho na área do curso","Manhã e tarde","Não tenho, uso o SUS","Ensino superior","Ensino Médio","Sempre em escola pública","Às vezes","Sim","Sim","Sim","Não","Sim","Sim","Não","Sim","Não","Sim","Alto","Intermediário","Baixo","Avançado","Avançado","Avançado","Nenhum","Leio, mas não escrevo nem falo","Leio, escrevo e falo fluentemente","Praticamente nulo","Pouco","Sempre","Nunca","Nunca","Às vezes","Às vezes","Não leio","Não leio jornal","Nenhum","Não leio","Não","Católica","Cinema;Filmes na internet","Indicação de familiar/amigo","Este curso forma profissionais que são bem remunerados","Obter competências para exercício de uma profissão","Conquistar vaga em empresa privada","Não","Não fiz","Caminhando","Era uma vez no interior de Minas Gerais, em uma bela noite nasce um menino, ele cresceu e agora está estudando na Fatec. Seus sonhos são: Ficar milionário e ter toda a sua família ao seu redor.
Fim"
"2020/03/09 12:33:52 PM GMT-3","1090481923024","Análise e Desenvolvimento de Sistemas (ADS)","Noturno","São Paulo (SP)","Franca","Masculino","1993-05-20","Casado(a) ou União Estável","Nenhuma","0","Com esposa(o) e(ou) filhos","2","Alugado","Entre 1 e 3 anos.","Até 2 SM (R$2.090,00)","1","0","0","0","1","0","2","0","1","Sim","Sim","Não","Não","Sim","Sou registrado em empresa prestadora de serviço","Trabalho na área do curso","Manhã e tarde","Não tenho, uso o SUS","Ensino Médio","Ensino Médio","Sempre em escola pública","Sempre","Sim","Sim","Sim","Não","Sim","Sim","Sim","Sim","Sim","Sim","Alto","Alto","Alto","Alto","Alto","Intermediário","Intermediário","Leio, escrevo e falo razoavelmente","Leio, mas não escrevo nem falo","Praticamente nulo","Às vezes","Sempre","Nunca","Pouco","Às vezes","Pouco","Raramente","Notícias locais;Notícias nacionais;Notícias internacional","Até 2","Ficção","Não","Católica","Cinema;Filmes na internet;Música;TV","Indicação de familiar/amigo","Minha vocação é seguir esta carreira","Obter novos conhecimentos","Ingressar na carreira acadêmica","Não","Não fiz","Moto","Meu sonho é me formar no curso, cursar um mestrado e poder dar aula em uma instituição de ensino superior"
"2020/03/09 12:40:27 PM GMT-3","1090481921031","Análise e Desenvolvimento de Sistemas (ADS)","Matutino","São Paulo (SP)","Franca","Masculino","2001-01-20","Solteiro(a)","Nenhuma","0","Com pais e(ou) parentes","5","Próprio","Mais de 10 anos.","Prefiro não responder","4 ou mais","0","2","2","1","0","4 ou mais","3","2","Sim","Sim","Não","Não","Não","Não Trabalho","Não trabalho","Não trabalho","Não tenho, uso o SUS","Ensino Fundamental ll (6º ao 9º anos)","Ensino Médio","Sempre em escola pública","Sempre","Sim","Não","Sim","Sim","Não","Sim","Sim","Sim","Sim","Sim","Alto","Alto","Baixo","Intermediário","Intermediário","Baixo","Nenhum","Leio, escrevo e falo razoavelmente","Leio, mas não escrevo nem falo","Leio, mas não escrevo nem falo","Pouco","Sempre","Nunca","Nunca","Pouco","Muito","Raramente","Todos os assuntos","Até 2","Outros","Não","Nenhuma","Cinema;Filmes na internet;Música;Teatro;TV;Viagens","Indicação de familiar/amigo","Este curso forma profissionais facilmente absorvidos pelo mercado","Obter competências para exercício de uma profissão","Conquistar vaga em empresa privada","Não","Não fiz","Carro","Prefiro não escrever"
"2020/03/09 12:54:29 PM GMT-3","1090481921046","Análise e Desenvolvimento de Sistemas (ADS)","Matutino","São Paulo (SP)","Franca","Masculino","1999-05-23","Solteiro(a)","Nenhuma","0","Com pais e(ou) parentes","5","Próprio","Mais de 10 anos.","Até 2 SM (R$2.090,00)","2","1","1","1","0","0","4 ou mais","0","2","Sim","Sim","Não","Não","Não","Não Trabalho","Não trabalho","Não trabalho","Não tenho, uso o SUS","Ensino superior","Ensino superior","A maior parte em escola pública","Nunca","Não","Não","Não","Não","Não","Não","Não","Não","Não","Não","Intermediário","Intermediário","Baixo","Alto","Alto","Alto","Baixo","Leio, escrevo e falo razoavelmente","Leio, escrevo e falo razoavelmente","Praticamente nulo","Às vezes","Sempre","Pouco","Às vezes","Às vezes","Muito","Raramente","Esporte","Até 2","Ficção","Não","Outra","Cinema;Filmes na internet;Música","Indicação de familiar/amigo","É um curso bem conceituado na região","Obter competências para exercício de uma profissão","Outra expectativa","Não","Sim, no SENAI","Ônibus","Sou o Alberto, tenho 20 anos sempre morei com meus pais e meu objetivo de vida é conseguir me formar."
"2020/03/09 2:54:25 PM GMT-3","1090481921015","Análise e Desenvolvimento de Sistemas (ADS)","Matutino","São Paulo (SP)","Franca","Masculino","1991-12-09","Solteiro(a)","Nenhuma","0","Com pais e(ou) parentes","3","Próprio","Entre 1 e 3 anos.","Mais que 2 até 5 SM (R$ 2.090,01- R$ 5.225,00)","3","0","0","3","0","3","0","1","0","Sim","Sim","Não","Não","Não","Não Trabalho","Não trabalho","Não trabalho","Tenho e é um plano familiar","Ensino Médio","Ensino Médio","A maior parte em escola pública","Sempre","Sim","Não","Sim","Sim","Sim","Sim","Sim","Sim","Não","Sim","Alto","Avançado","Intermediário","Alto","Alto","Alto","Nenhum","Leio, escrevo e falo razoavelmente","Leio, mas não escrevo nem falo","Praticamente nulo","Pouco","Sempre","Pouco","Nunca","Pouco","Às vezes","Não leio","Não leio jornal","De 3 até 6","Romance","Não","Nenhuma","Cinema;Exposições de arte;Filmes na internet;Literatura;Música;Teatro;TV","Indicação de familiar/amigo","Este curso forma profissionais facilmente absorvidos pelo mercado","Obter competências para exercício de uma profissão","Conquistar vaga em empresa privada","Não","Não fiz","Carro","Possuo graduação e mestrado em física pela Universidade de São Paulo. Já tinha desde algum tempo estabelecido a ideia de trabalhar com ensino de física, no entanto, devido as circunstâncias atuais do país, não consegui levar minhas pretensões adiante. Atualmente busco migrar para uma área profissional com maior campo de atuação, da qual eu goste e que me possibilite aproveitar parcialmente meus conhecimentos adquiridos até então. Atualmente meu sonho de vida se resume em conseguir uma estabilidade profissional/financeira para desfrutar de todas as pessoas que amo e de todas as coisas que me façam sentir recompensado existencialmente (essencialmente arte)."
"2020/03/09 4:12:05 PM GMT-3","1090481923025","Análise e Desenvolvimento de Sistemas (ADS)","Noturno","São Paulo (SP)","Franca","Masculino","2001-12-05","Solteiro(a)","Nenhuma","0","Com pais e(ou) parentes","5","Financiado","Entre 1 e 3 anos.","Até 2 SM (R$2.090,00)","2","0","1","0","0","0","4 ou mais","0","1","Não","Sim","Não","Não","Sim","Sou registrado no comércio","Trabalho na área do curso","Manhã e tarde","Não tenho, uso o SUS","Ensino Fundamental ll (6º ao 9º anos)","Pós-Graduação","Sempre em escola pública","Às vezes","Sim","Sim","Sim","Sim","Sim","Sim","Sim","Sim","Não","Sim","Alto","Alto","Baixo","Intermediário","Intermediário","Intermediário","Baixo","Praticamente nulo","Praticamente nulo","Praticamente nulo","Nunca","Sempre","Nunca","Nunca","Às vezes","Às vezes","Não leio","Não leio jornal","Até 2","Não leio","Sim","Católica","Cinema;Filmes na internet;Música;Viagens","Indicação de familiar/amigo","Minha vocação é seguir esta carreira","Obter competências para exercício de uma profissão","Conquistar vaga em empresa privada","Não","Não fiz","Bicicleta","Sempre estudei e busco uma melhora de vida"
"2020/03/09 4:16:53 PM GMT-3","1090481923043","Análise e Desenvolvimento de Sistemas (ADS)","Noturno","São Paulo (SP)","Franca","Feminino","1994-02-14","Solteiro(a)","Nenhuma","0","Com pais e(ou) parentes","6","Financiado","Entre 5 e 10 anos.","Mais que 2 até 5 SM (R$ 2.090,01- R$ 5.225,00)","2","0","0","2","2","0","4 ou mais","0","3","Sim","Sim","Não","Não","Sim","Sou registrado em empresa prestadora de serviço","Trabalho fora da área do curso","Manhã e tarde","Tenho e é pago integralmente pela empresa","Ensino Fundamental ll (6º ao 9º anos)","Nenhuma escolaridade","Sempre em escola pública","Sempre","Sim","Sim","Sim","Não","Sim","Sim","Sim","Não","Não","Não","Intermediário","Intermediário","Nenhum","Intermediário","Alto","Intermediário","Nenhum","Leio, mas não escrevo nem falo","Leio e escrevo mas não falo","Praticamente nulo","Pouco","Sempre","Pouco","Nunca","Muito","Sempre","Raramente","Não leio jornal","Mais de 10","Ficção","Não","Nenhuma","Cinema;Filmes na internet;Literatura;Música;TV","Indicação de familiar/amigo","É um curso bem conceituado na região","Obter competências para exercício de uma profissão","Conquistar vaga em empresa privada","Não","Sim, em uma ETEC","Moto","Tenho muitas perspectivas positivas com a realização desse curso, poder conseguir uma boa colocação no mercado de trabalho, estabilidade financeira para poder organizar a vida. "
"2020/03/09 7:06:17 PM GMT-3","1090481821023","Análise e Desenvolvimento de Sistemas (ADS)","Matutino","São Paulo (SP)","Franca","Masculino","1991-06-01","Solteiro(a)","Nenhuma","0","Com pais e(ou) parentes","4","Próprio","Mais de 10 anos.","Mais que 2 até 5 SM (R$ 2.090,01- R$ 5.225,00)","2","1","3","2","1","0","4 ou mais","1","4 ou mais","Sim","Sim","Sim","Não","Não","Não Trabalho","Não trabalho","Não trabalho","Tenho e é um plano individual","Pós-Graduação","Ensino superior","A maior parte em escola particular paga pela família","Sempre","Sim","Não","Sim","Não","Sim","Sim","Sim","Sim","Não","Sim","Alto","Alto","Baixo","Alto","Alto","Alto","Nenhum","Leio, escrevo e falo fluentemente","Praticamente nulo","Praticamente nulo","Nunca","Sempre","Nunca","Nunca","Nunca","Sempre","Não leio","Não leio jornal","Até 2","Ficção","Não","Nenhuma","Filmes na internet;Literatura;Música","Indicação de familiar/amigo","Este curso forma profissionais facilmente absorvidos pelo mercado","Obter competências para exercício de uma profissão","Conquistar vaga em empresa privada","Não","Não fiz","Transporte Escolar","Nada a declarar"
"2020/03/09 7:18:44 PM GMT-3","1090481923029","Análise e Desenvolvimento de Sistemas (ADS)","Noturno","São Paulo (SP)","Franca","Masculino","1989-09-05","Solteiro(a)","Nenhuma","0","Com pais e(ou) parentes","5","Próprio","Mais de 10 anos.","Mais que 5 até 10 SM (R$ 5.225,01- R$ 10.450,00)","1","0","0","2","0","0","4 ou mais","0","2","Não","Sim","Não","Não","Sim","Sou registrado em empresa pública (Federal/Estadual/Municipal)","Trabalho fora da área do curso","Manhã e tarde","Tenho e é pago parcialmente pela empresa","Ensino Fundamental l (1º ao 5º anos)","Ensino Fundamental l (1º ao 5º anos)","Sempre em escola pública","Sempre","Sim","Sim","Sim","Sim","Sim","Sim","Sim","Sim","Sim","Sim","Alto","Alto","Nenhum","Alto","Alto","Intermediário","Nenhum","Leio, escrevo e falo fluentemente","Leio, mas não escrevo nem falo","Praticamente nulo","Às vezes","Sempre","Nunca","Nunca","Sempre","Sempre","Não leio","Não leio jornal","Até 2","Aventura","Não","Católica","Cinema;Filmes na internet;Literatura;Música;Teatro;TV;Viagens","Indicação de familiar/amigo","Este curso forma profissionais facilmente absorvidos pelo mercado","Obter competências para exercício de uma profissão","Conquistar vaga em empresa privada","Não","Não fiz","Carro","Busco agregar conhecimento para entrar no mercado de trabalho na área."
"2020/03/09 7:23:46 PM GMT-3","1090481923004","Análise e Desenvolvimento de Sistemas (ADS)","Noturno","São Paulo (SP)","Franca","Masculino","1996-09-27","Solteiro(a)","Nenhuma","0","Com pais e(ou) parentes","4","Próprio","Entre 1 e 3 anos.","Até 2 SM (R$2.090,00)","2","0","1","1","1","0","4 ou mais","0","3","Sim","Sim","Não","Não","Sim","Sou estagiário","Trabalho na área do curso","Manhã","Não tenho, uso o SUS","Ensino Médio","Ensino Fundamental ll (6º ao 9º anos)","Sempre em escola pública","Sempre","Sim","Sim","Sim","Não","Sim","Sim","Sim","Sim","Não","Não","Intermediário","Intermediário","Nenhum","Alto","Alto","Alto","Baixo","Praticamente nulo","Leio, escrevo e falo razoavelmente","Praticamente nulo","Às vezes","Sempre","Pouco","Pouco","Pouco","Muito","Raramente","Não leio jornal","Até 2","Aventura","Não","Nenhuma","Filmes na internet;Música;TV","Indicação de familiar/amigo","Este curso é gratuito","Obter novos conhecimentos","Outra expectativa","Não","Sim, em uma ETEC","Caminhando","Pretendo ainda me formar em engenharia mecatrônica"
"2020/03/09 7:32:54 PM GMT-3","1090481923001","Análise e Desenvolvimento de Sistemas (ADS)","Noturno","São Paulo (SP)","Itirapuã","Masculino","2001-09-27","Solteiro(a)","Nenhuma","0","Com pais e(ou) parentes","4","Próprio","Mais de 10 anos.","Mais que 2 até 5 SM (R$ 2.090,01- R$ 5.225,00)","4 ou mais","1","1","1","0","0","4 ou mais","1","1","Sim","Sim","Não","Não","Não","Não Trabalho","Não trabalho","Não trabalho","Não tenho, uso o SUS","Ensino Fundamental ll (6º ao 9º anos)","Ensino Médio","Sempre em escola pública","Pouco","Sim","Não","Sim","Sim","Não","Sim","Não","Sim","Sim","Sim","Intermediário","Alto","Baixo","Intermediário","Intermediário","Intermediário","Nenhum","Leio e escrevo mas não falo","Leio, mas não escrevo nem falo","Praticamente nulo","Às vezes","Sempre","Pouco","Pouco","Sempre","Sempre","Não leio","Não leio jornal","Até 2","Ficção","Não","Católica","Cinema;Filmes na internet;Música;TV;Viagens","Indicação de familiar/amigo","Este curso forma profissionais facilmente absorvidos pelo mercado","Obter novos conhecimentos","Conquistar vaga em empresa privada","Não","Não fiz","Transporte Escolar","Tenho 18 anos, busco sempre melhorar e conhecer as coisas, e aperfeiçoar tudo o que eu começo a aprender de diferente.
Estou em busca de um trabalho, pretendo formar uma família, ter uma estabilidade financeira e seguir carreira trabalhando como desenvolvedor de Sistemas"
"2020/03/09 8:10:44 PM GMT-3","1090481923013","Análise e Desenvolvimento de Sistemas (ADS)","Noturno","São Paulo (SP)","Franca","Masculino","2001-03-13","Solteiro(a)","Nenhuma","0","Com pais e(ou) parentes","6","Próprio","Mais de 10 anos.","Mais que 5 até 10 SM (R$ 5.225,01- R$ 10.450,00)","4 ou mais","1","1","1","2","0","4 ou mais","1","1","Sim","Sim","Não","Não","Não","Não Trabalho","Não trabalho","Não trabalho","Tenho e é um plano familiar","Ensino superior","Ensino Médio","Sempre em escola pública","Sempre","Sim","Não","Sim","Sim","Sim","Sim","Sim","Sim","Não","Sim","Alto","Alto","Baixo","Alto","Alto","Alto","Intermediário","Leio, mas não escrevo nem falo","Praticamente nulo","Praticamente nulo","Nunca","Sempre","Nunca","Nunca","Pouco","Às vezes","Não leio","Não leio jornal","Até 2","Não leio","Não","Espírita","Cinema;Filmes na internet;Música","Indicação de familiar/amigo","Minha vocação é seguir esta carreira","Obter competências para exercício de uma profissão","Abrir meu próprio negócio","Não","Não fiz","Carro","Eu espero poder me desenvolver como pessoa e deixar minha marca que ajudará a humanidade "
"2020/03/09 8:12:55 PM GMT-3","1090481923002","Análise e Desenvolvimento de Sistemas (ADS)","Noturno","São Paulo (SP)","Franca","Masculino","1997-09-17","Solteiro(a)","Nenhuma","0","Com amigos(compartilhando despesas) ou de favor","6","Próprio","Menos de 1 ano.","Mais que 2 até 5 SM (R$ 2.090,01- R$ 5.225,00)","3","0","0","1","0","0","4 ou mais","1","1","Sim","Sim","Não","Não","Sim","Sou estagiário","Trabalho fora da área do curso","Manhã","Não tenho, uso o SUS","Ensino Médio","Ensino Médio","Sempre em escola pública","Muito","Sim","Sim","Sim","Sim","Sim","Sim","Sim","Sim","Sim","Sim","Intermediário","Intermediário","Nenhum","Intermediário","Intermediário","Intermediário","Nenhum","Leio, escrevo e falo razoavelmente","Leio, mas não escrevo nem falo","Praticamente nulo","Nunca","Sempre","Nunca","Nunca","Sempre","Sempre","Raramente","Notícias locais;Notícias nacionais;Notícias internacional;Notícias Policiais","De 3 até 6","Ficção","Não","Evangélica","Cinema;Filmes na internet;Literatura;Música","Pelo Facebook","Outros motivos","Obter competências para exercício de uma profissão","Prestar concurso público","Não","Não fiz","Carona","Sempre estudei em escola pública e meu sonho era ser piloto de avião, com o passar do tempo fui me interessando pela área militar, mas uma série de fatores e escolhas me levaram a fazer a prova da fatec, e hoje pretendo concluir o curso e a partir disso seguir para alguma área relacionada."
"2020/03/09 8:34:08 PM GMT-3","1090481923019","Análise e Desenvolvimento de Sistemas (ADS)","Noturno","São Paulo (SP)","Franca","Feminino","1983-10-28","Separado(a), Desquitado(a) ou Divorciado(a)","Nenhuma","2","Com pais e(ou) parentes","4","Próprio","Entre 1 e 3 anos.","Mais que 5 até 10 SM (R$ 5.225,01- R$ 10.450,00)","3","0","0","1","0","0","1","0","1","Sim","Sim","Não","Sim","Sim","Sou registrado em empresa pública (Federal/Estadual/Municipal)","Trabalho fora da área do curso","Manhã e tarde","Tenho e é um plano individual","Ensino Fundamental ll (6º ao 9º anos)","Ensino superior","Sempre em escola pública","Muito","Sim","Sim","Sim","Não","Não","Sim","Sim","Sim","Não","Sim","Intermediário","Intermediário","Baixo","Intermediário","Intermediário","Baixo","Nenhum","Leio, mas não escrevo nem falo","Praticamente nulo","Praticamente nulo","Pouco","Muito","Nunca","Pouco","Pouco","Às vezes","Somente aos domingos","Notícias locais;Classificados","Até 2","Romance","Não","Nenhuma","Cinema;Filmes na internet;Música;TV;Viagens","Indicação de familiar/amigo","Outros motivos","Obter novos conhecimentos","Prestar concurso público","Não","Não fiz","Carro","Nada a declarar!"
"2020/03/09 8:58:12 PM GMT-3","1090481923023","Análise e Desenvolvimento de Sistemas (ADS)","Noturno","São Paulo (SP)","Franca","Masculino","1993-04-21","Solteiro(a)","Nenhuma","0","Com pais e(ou) parentes","3","Próprio","Mais de 10 anos.","Mais que 5 até 10 SM (R$ 5.225,01- R$ 10.450,00)","2","0","1","2","0","0","3","2","1","Sim","Sim","Não","Não","Sim","Sou registrado em Industria (Calçados/Confecções/outros)","Trabalho fora da área do curso","Manhã e tarde","Não tenho, uso o SUS","Ensino Fundamental ll (6º ao 9º anos)","Ensino Médio","A maior parte em escola particular com bolsa","Sempre","Sim","Sim","Sim","Não","Sim","Sim","Sim","Sim","Sim","Sim","Intermediário","Alto","Nenhum","Alto","Avançado","Alto","Avançado","Leio, escrevo e falo fluentemente","Praticamente nulo","Praticamente nulo","Nunca","Sempre","Nunca","Pouco","Nunca","Muito","Não leio","Não leio jornal","Até 2","Outros","Não","Nenhuma","Cinema;Filmes na internet;Música;Viagens","Indicação de familiar/amigo","Este curso forma profissionais facilmente absorvidos pelo mercado","Obter competências para exercício de uma profissão","Conquistar vaga em empresa privada","Não","Sim, em uma ETEC","Carro","Tenho 26 anos, graduado em outra área, e no ano passado resolvi deixar minha zona de conforto e encarar uma nova etapa para meu crescimento pessoal e profissional, mesmo não sendo mais tão jovem, acredito que sempre é tempo de evolução!"
"2020/03/09 8:59:05 PM GMT-3","1090481923021","Análise e Desenvolvimento de Sistemas (ADS)","Noturno","São Paulo (SP)","Franca","Masculino","1993-04-14","Solteiro(a)","Nenhuma","0","Com pais e(ou) parentes","4","Financiado","Mais de 10 anos.","Mais que 2 até 5 SM (R$ 2.090,01- R$ 5.225,00)","2","1","0","3","1","0","4 ou mais","0","1","Sim","Sim","Sim","Não","Sim","Sou registrado no comércio","Trabalho fora da área do curso","Manhã e tarde","Tenho e é pago integralmente pela empresa","Ensino Fundamental ll (6º ao 9º anos)","Ensino Fundamental ll (6º ao 9º anos)","A maior parte em escola pública","Sempre","Sim","Sim","Sim","Sim","Sim","Sim","Sim","Sim","Sim","Sim","Alto","Intermediário","Nenhum","Alto","Alto","Intermediário","Intermediário","Leio e escrevo mas não falo","Praticamente nulo","Praticamente nulo","Pouco","Sempre","Nunca","Nunca","Muito","Sempre","Não leio","Não leio jornal","Nenhum","Não leio","Não","Nenhuma","Cinema;Filmes na internet;Música;TV","Indicação de familiar/amigo","Este curso forma profissionais facilmente absorvidos pelo mercado","Obter competências para exercício de uma profissão","Conquistar vaga em empresa privada","Não","Sim, em uma ETEC","Carro","Me chamo Igor, sou formado em engenharia civil, pela Unifran. Fiz técnico em Mecatrônica na ETEC Dr Julio Cardoso (Industrial). Decidi Começar na área de tecnologia pois sempre me identifiquei com esta área e pretendo conquistar meu espaço no mercado de trabalho."
"2020/03/09 9:09:08 PM GMT-3","1090481923058","Análise e Desenvolvimento de Sistemas (ADS)","Noturno","São Paulo (SP)","Franca","Feminino","1995-12-21","Casado(a) ou União Estável","Nenhuma","0","Com esposa(o) e(ou) filhos","2","Alugado","Entre 1 e 3 anos.","Até 2 SM (R$2.090,00)","1","0","0","0","0","0","2","1","1","Não","Sim","Não","Não","Sim","Sou registrado no comércio","Trabalho fora da área do curso","Manhã","Não tenho, uso o SUS","Ensino Médio","Ensino Médio","Sempre em escola pública","Muito","Sim","Sim","Sim","Não","Sim","Sim","Sim","Sim","Sim","Sim","Intermediário","Baixo","Nenhum","Intermediário","Intermediário","Baixo","Baixo","Leio e escrevo mas não falo","Praticamente nulo","Praticamente nulo","Nunca","Sempre","Nunca","Nunca","Muito","Às vezes","Raramente","Notícias locais;Notícias nacionais;Notícias internacional","De 7 até 10","Romance","Não","Evangélica","Cinema;Filmes na internet;Literatura;Música;TV","Indicação de familiar/amigo","É um curso bem conceituado na região","Obter competências para exercício de uma profissão","Conquistar vaga em empresa privada","Não","Não fiz","Ônibus","Quero me formar e trabalhar área."
"2020/03/09 9:10:51 PM GMT-3","1090481923005","Análise e Desenvolvimento de Sistemas (ADS)","Noturno","São Paulo (SP)","Franca","Masculino","1990-04-23","Solteiro(a)","Nenhuma","0","Com amigos(compartilhando despesas) ou de favor","2","Alugado","Menos de 1 ano.","Até 2 SM (R$2.090,00)","0","0","0","0","1","0","1","1","0","Não","Sim","Não","Não","Sim","Sou autonomo","Trabalho fora da área do curso","Tarde","Não tenho, uso o SUS","Ensino Fundamental l (1º ao 5º anos)","Ensino Fundamental l (1º ao 5º anos)","Sempre em escola pública","Muito","Sim","Não","Sim","Não","Não","Sim","Sim","Sim","Não","Sim","Alto","Alto","Baixo","Alto","Alto","Alto","Intermediário","Leio, escrevo e falo razoavelmente","Praticamente nulo","Praticamente nulo","Nunca","Muito","Nunca","Nunca","Nunca","Às vezes","Não leio","Não leio jornal","Até 2","Outros","Não","Evangélica","Filmes na internet;Música","Cartaz de divulgação","Minha vocação é seguir esta carreira","Obter novos conhecimentos","Abrir meu próprio negócio","Não","Não fiz","Moto","Aprendi a me emprenhar com as dificuldades que passei, e meu sonho é ajudar difundindo conhecimentos úteis e práticos para a sociedade."
"2020/03/09 9:13:28 PM GMT-3","1090481923055","Análise e Desenvolvimento de Sistemas (ADS)","Noturno","São Paulo (SP)","Franca","Feminino","1999-02-07","Solteiro(a)","Nenhuma","0","Com pais e(ou) parentes","6","Próprio","Mais de 10 anos.","Mais que 5 até 10 SM (R$ 5.225,01- R$ 10.450,00)","2","1","2","1","1","1","4 ou mais","1","1","Sim","Sim","Não","Não","Sim","Sou registrado no comércio","Trabalho fora da área do curso","Manhã e tarde","Não tenho, uso o SUS","Ensino superior","Ensino Fundamental ll (6º ao 9º anos)","Sempre em escola particular com bolsa","Sempre","Sim","Sim","Sim","Sim","Sim","Sim","Sim","Sim","Sim","Sim","Intermediário","Intermediário","Baixo","Intermediário","Intermediário","Intermediário","Baixo","Praticamente nulo","Leio, mas não escrevo nem falo","Praticamente nulo","Às vezes","Sempre","Pouco","Pouco","Muito","Às vezes","Raramente","Notícias locais;Notícias nacionais;Notícias internacional;Esporte;Classificados;Sociais","Nenhum","Não leio","Não","Católica","Cinema;Filmes na internet;Música;TV;Viagens","Indicação de familiar/amigo","Minha vocação é seguir esta carreira","Obter novos conhecimentos","Ingressar na carreira acadêmica","Não","Sim, no SENAI","Moto","Tenho 21 anos, me interessei pela tecnologia no colegial, por conta de um projeto escolar, onde precisei da mesma para a criação dele. Moro com meus pais, gosto de conhecer coisa novas e criar, adoro jogar futebol e games em geral. Meu sonho é ter muito conhecimento para que passa ensinar outras pessoas e alem disso conseguir me desenvolver como pessoa e profissional. "
"2020/03/09 9:18:19 PM GMT-3","1090481923012","Análise e Desenvolvimento de Sistemas (ADS)","Noturno","São Paulo (SP)","Franca","Masculino","1998-02-12","Solteiro(a)","Nenhuma","0","Com pais e(ou) parentes","3","Próprio","Mais de 10 anos.","Mais que 2 até 5 SM (R$ 2.090,01- R$ 5.225,00)","3","1","1","2","0","0","4 ou mais","1","1","Sim","Sim","Não","Não","Sim","Sou registrado no comércio","Trabalho fora da área do curso","Manhã e tarde","Não tenho, uso o SUS","Ensino Fundamental ll (6º ao 9º anos)","Ensino Fundamental l (1º ao 5º anos)","Sempre em escola pública","Sempre","Sim","Sim","Sim","Não","Sim","Sim","Sim","Sim","Não","Sim","Intermediário","Intermediário","Baixo","Intermediário","Alto","Intermediário","Intermediário","Leio, mas não escrevo nem falo","Praticamente nulo","Praticamente nulo","Pouco","Sempre","Às vezes","Às vezes","Pouco","Muito","Algumas vezes por semana","Notícias locais;Notícias nacionais;Notícias internacional;Esporte;Lazer, arte e cultura","De 7 até 10","Ficção","Não","Católica","Cinema;Filmes na internet;Literatura;Música;Viagens","Indicação de familiar/amigo","Minha vocação é seguir esta carreira","Obter novos conhecimentos","Conquistar vaga em empresa privada","Não","Não fiz","Carro","Vivo com objetivo de sempre ter apredido algo novo por mais trivial que ele seja "
"2020/03/09 9:19:41 PM GMT-3","1090481921016","Análise e Desenvolvimento de Sistemas (ADS)","Matutino","São Paulo (SP)","Franca","Masculino","1994-09-12","Solteiro(a)","Nenhuma","1","Com pais e(ou) parentes","4","Próprio","Mais de 10 anos.","Prefiro não responder","2","1","1","1","0","3","0","1","0","Sim","Sim","Não","Não","Não","Não Trabalho","Não trabalho","Não trabalho","Não tenho, uso o SUS","Ensino Médio","Ensino Médio","A maior parte em escola particular com bolsa","Pouco","Sim","Não","Não","Sim","Não","Não","Sim","Não","Não","Não","Alto","Intermediário","Baixo","Alto","Avançado","Alto","Baixo","Leio, escrevo e falo razoavelmente","Praticamente nulo","Praticamente nulo","Pouco","Muito","Pouco","Nunca","Nunca","Nunca","Somente aos domingos","Notícias Policiais","De 7 até 10","Outros","Sim","Espírita","Música","Indicação de familiar/amigo","Este curso forma profissionais facilmente absorvidos pelo mercado","Obter novos conhecimentos","Outra expectativa","Não","Não fiz","Bicicleta","Passei longo tempo em busca de algo que realmente gostasse de fazer, encontrei isso no curso de add, tenho como objetivo a ser cumprido, conseguir um emprego pra fora do Brasil."
"2020/03/09 9:20:58 PM GMT-3","1090481923049","Análise e Desenvolvimento de Sistemas (ADS)","Noturno","São Paulo (SP)","Franca","Masculino","1977-04-13","Casado(a) ou União Estável","Nenhuma","0","Com esposa(o) e(ou) filhos","1","Próprio","Mais de 10 anos.","Mais que 2 até 5 SM (R$ 2.090,01- R$ 5.225,00)","2","1","1","1","1","1","2","0","1","Sim","Sim","Sim","Não","Sim","Sou registrado em empresa prestadora de serviço","Trabalho fora da área do curso","Manhã e tarde","Não tenho, uso o SUS","Prefiro não responder","Ensino Fundamental ll (6º ao 9º anos)","Sempre em escola pública","Sempre","Sim","Sim","Sim","Sim","Sim","Sim","Sim","Sim","Sim","Sim","Alto","Alto","Intermediário","Avançado","Avançado","Avançado","Alto","Leio, mas não escrevo nem falo","Leio, mas não escrevo nem falo","Praticamente nulo","Às vezes","Sempre","Pouco","Pouco","Às vezes","Pouco","Raramente","Notícias locais;Notícias nacionais;Notícias internacional;Notícias Policiais;Sociais","Nenhum","Aventura","Não","Católica","Cinema;Filmes na internet;Música;TV;Viagens","Pelo Facebook","Este curso forma profissionais facilmente absorvidos pelo mercado","Obter competências para exercício de uma profissão","Conquistar vaga em empresa privada","Não","Sim, em outra instituição","Moto","Quero obter conhecimento e arrumar um emprego na área de TI."
"2020/03/09 9:21:23 PM GMT-3","1090481921028","Análise e Desenvolvimento de Sistemas (ADS)","Matutino","São Paulo (SP)","Franca","Feminino","2000-04-25","Solteiro(a)","Nenhuma","0","Com pais e(ou) parentes","3","Próprio","Menos de 1 ano.","Até 2 SM (R$2.090,00)","2","1","1","0","1","0","2","1","1","Não","Sim","Não","Não","Não","Não Trabalho","Não trabalho","Não trabalho","Não tenho, uso o SUS","Ensino Médio","Prefiro não responder","Sempre em escola particular com bolsa","Sempre","Sim","Não","Sim","Não","Não","Sim","Sim","Sim","Sim","Sim","Intermediário","Intermediário","Intermediário","Avançado","Avançado","Avançado","Intermediário","Leio, escrevo e falo fluentemente","Leio, mas não escrevo nem falo","Praticamente nulo","Pouco","Muito","Nunca","Nunca","Sempre","Muito","Não leio","Não leio jornal","De 3 até 6","Aventura","Não","Nenhuma","Cinema;Filmes na internet;Literatura;Música;TV","Indicação de familiar/amigo","Minha vocação é seguir esta carreira","Obter competências para exercício de uma profissão","Conquistar vaga em empresa privada","Não","Não fiz","Moto","Pretendo me tornar uma boa profissional no mercado trabalhando com aquilo que aprecio."
"2020/03/09 9:22:04 PM GMT-3","1090481923031","Análise e Desenvolvimento de Sistemas (ADS)","Noturno","São Paulo (SP)","Franca","Feminino","1996-06-21","Solteiro(a)","Nenhuma","0","Com pais e(ou) parentes","6","Próprio","Mais de 10 anos.","Mais que 2 até 5 SM (R$ 2.090,01- R$ 5.225,00)","0","0","1","2","3","3","4 ou mais","1","2","Sim","Sim","Não","Não","Sim","Sou registrado em empresa prestadora de serviço","Trabalho fora da área do curso","Manhã e tarde","Tenho e é pago parcialmente pela empresa","Ensino Médio","Ensino Médio","Sempre em escola pública","Muito","Sim","Sim","Sim","Não","Sim","Sim","Sim","Sim","Não","Sim","Intermediário","Intermediário","Baixo","Intermediário","Intermediário","Intermediário","Baixo","Leio, escrevo e falo razoavelmente","Leio, escrevo e falo razoavelmente","Praticamente nulo","Nunca","Sempre","Pouco","Pouco","Pouco","Às vezes","Raramente","Notícias locais;Notícias nacionais;Notícias internacional;Esporte;Lazer, arte e cultura","Até 2","Policial","Não","Protestante","Filmes na internet;Museus;Música;Viagens","Indicação de familiar/amigo","Este curso forma profissionais facilmente absorvidos pelo mercado","Obter competências para exercício de uma profissão","Conquistar vaga em empresa privada","Não","Sim, em uma ETEC","Carro","Em construção."
"2020/03/09 9:28:24 PM GMT-3","1090481923063","Análise e Desenvolvimento de Sistemas (ADS)","Noturno","São Paulo (SP)","Franca","Masculino","1998-07-15","Solteiro(a)","Nenhuma","0","Com pais e(ou) parentes","6","Próprio","Mais de 10 anos.","Mais que 2 até 5 SM (R$ 2.090,01- R$ 5.225,00)","3","0","0","1","2","0","4 ou mais","1","1","Não","Sim","Não","Não","Sim","Sou registrado em Industria (Calçados/Confecções/outros)","Trabalho fora da área do curso","Manhã e tarde","Não tenho, uso o SUS","Ensino superior","Ensino Médio","A maior parte em escola pública","Sempre","Sim","Sim","Sim","Sim","Sim","Sim","Sim","Sim","Sim","Sim","Intermediário","Intermediário","Nenhum","Intermediário","Intermediário","Intermediário","Intermediário","Praticamente nulo","Praticamente nulo","Praticamente nulo","Pouco","Muito","Nunca","Nunca","Muito","Às vezes","Raramente","Não leio jornal","Nenhum","Não leio","Não","Católica","Cinema;Exposições de arte;Filmes na internet;Música;Viagens","Propaganda na escola que estudava","É um curso bem conceituado na região","Obter competências para exercício de uma profissão","Conquistar vaga em empresa privada","Não","Sim, em uma ETEC","Moto","Sonho em me formar e atuar  na área do curso no meio profissional "
"2020/03/09 9:32:08 PM GMT-3","1090481923051","Análise e Desenvolvimento de Sistemas (ADS)","Noturno","São Paulo (SP)","Franca","Masculino","2000-03-25","Solteiro(a)","Visual;Auditiva","0","Com amigos(compartilhando despesas) ou de favor","2","Alugado","Entre 1 e 3 anos.","Até 2 SM (R$2.090,00)","0","0","0","0","1","0","2","3","2","Não","Sim","Não","Não","Sim","Sou autonomo","Trabalho fora da área do curso","Manhã e tarde","Não tenho, uso o SUS","Ensino Médio","Ensino Médio","A maior parte em escola pública","Sempre","Sim","Sim","Sim","Sim","Sim","Sim","Sim","Sim","Sim","Sim","Alto","Alto","Baixo","Intermediário","Intermediário","Baixo","Nenhum","Leio, escrevo e falo razoavelmente","Leio, escrevo e falo razoavelmente","Praticamente nulo","Nunca","Muito","Nunca","Nunca","Muito","Às vezes","Não leio","Não leio jornal","Até 2","Ficção","Não","Nenhuma","Cinema;Exposições de arte;Filmes na internet;Literatura;Museus;Música;Teatro;TV","Indicação de familiar/amigo","Minha vocação é seguir esta carreira","Obter competências para exercício de uma profissão","Conquistar vaga em empresa privada","Não","Sim, em outra instituição","Carona","Crescer financeiramente e dar orgulho para os meus pais."
"2020/03/09 9:41:05 PM GMT-3","1090481921025","Análise e Desenvolvimento de Sistemas (ADS)","Matutino","São Paulo (SP)","Patrocínio Paulista","Masculino","1999-09-03","Solteiro(a)","Nenhuma","0","Com pais e(ou) parentes","2","Próprio","Mais de 10 anos.","Mais que 5 até 10 SM (R$ 5.225,01- R$ 10.450,00)","2","2","1","1","1","2","2","1","0","Não","Sim","Sim","Não","Sim","Sou estagiário","Trabalho na área do curso","Manhã e tarde","Tenho e é pago integralmente pela empresa","Ensino Fundamental ll (6º ao 9º anos)","Ensino superior","Sempre em escola pública","Sempre","Sim","Sim","Sim","Sim","Sim","Sim","Sim","Sim","Sim","Sim","Avançado","Avançado","Baixo","Alto","Alto","Alto","Alto","Leio, escrevo e falo razoavelmente","Leio e escrevo mas não falo","Praticamente nulo","Nunca","Sempre","Nunca","Nunca","Muito","Muito","Raramente","Não leio jornal","Nenhum","Não leio","Sim","Outra","Cinema;Exposições de arte;Filmes na internet;Museus;Música;Teatro;Viagens","Cartaz de divulgação","Minha vocação é seguir esta carreira","Obter novos conhecimentos","Abrir meu próprio negócio","Não","Sim, em uma ETEC","Transporte Escolar","nao"
"2020/03/09 9:43:06 PM GMT-3","1090481923008","Análise e Desenvolvimento de Sistemas (ADS)","Noturno","São Paulo (SP)","Franca","Feminino","1989-04-19","Solteiro(a)","Nenhuma","0","Com pais e(ou) parentes","4","Próprio","Mais de 10 anos.","Mais que 5 até 10 SM (R$ 5.225,01- R$ 10.450,00)","4 ou mais","1","3","4 ou mais","2","1","4 ou mais","1","4 ou mais","Sim","Sim","Sim","Não","Sim","Sou registrado no comércio","Trabalho fora da área do curso","Manhã e tarde","Tenho e é pago parcialmente pela empresa","Ensino superior","Ensino Médio","Sempre em escola particular com bolsa","Sempre","Sim","Sim","Sim","Sim","Sim","Sim","Sim","Sim","Sim","Sim","Intermediário","Intermediário","Nenhum","Alto","Intermediário","Baixo","Intermediário","Leio, escrevo e falo razoavelmente","Praticamente nulo","Praticamente nulo","Às vezes","Sempre","Às vezes","Nunca","Sempre","Sempre","Algumas vezes por semana","Notícias nacionais;Notícias internacional;Lazer, arte e cultura;Moda;Sociais","Até 2","Autoajuda","Não","Espírita","Cinema;Filmes na internet;Música;Teatro;TV;Viagens","Indicação de familiar/amigo","Este curso forma profissionais que são bem remunerados","Obter novos conhecimentos","Melhorar cargo e salário na empresa que trabalho","Não","Sim, em uma ETEC","Moto","Tenho sonho de ter um salário bem maior, ter tranquilidade e independência financeira e formar família."
"2020/03/09 9:44:32 PM GMT-3","1090481911017","Análise e Desenvolvimento de Sistemas (ADS)","Noturno","São Paulo (SP)","Franca","Masculino","2000-04-04","Solteiro(a)","Nenhuma","0","Com pais e(ou) parentes","4","Próprio","Mais de 10 anos.","Mais que 5 até 10 SM (R$ 5.225,01- R$ 10.450,00)","3","1","2","3","1","0","4 ou mais","1","3","Sim","Sim","Sim","Não","Sim","Sou registrado no comércio","Trabalho fora da área do curso","Manhã e tarde","Tenho e é um plano familiar","Ensino Médio","Ensino Médio","A maior parte em escola particular paga pela família","Sempre","Sim","Sim","Sim","Sim","Sim","Sim","Sim","Sim","Não","Sim","Alto","Alto","Nenhum","Intermediário","Avançado","Intermediário","Intermediário","Leio, escrevo e falo razoavelmente","Praticamente nulo","Praticamente nulo","Pouco","Sempre","Nunca","Nunca","Pouco","Às vezes","Raramente","Notícias locais;Lazer, arte e cultura","De 3 até 6","Ficção","Não","Evangélica","Cinema;Filmes na internet;Literatura;Música;TV;Viagens","Indicação de familiar/amigo","Outros motivos","Obter competências para exercício de uma profissão","Conquistar vaga em empresa privada","Não","Sim, no SENAI","Carro","."
"2020/03/09 9:54:51 PM GMT-3","1090481921032","Análise e Desenvolvimento de Sistemas (ADS)","Matutino","São Paulo (SP)","Franca","Masculino","1985-08-05","Solteiro(a)","Nenhuma","2","Com pais e(ou) parentes","7","Próprio","Mais de 10 anos.","Mais que 20 SM (R$ 20.900,01)","4 ou mais","1","3","3","0","0","4 ou mais","1","2","Sim","Sim","Sim","Sim","Sim","Sou autonomo","Trabalho fora da área do curso","Manhã e tarde","Tenho e é um plano individual","Ensino superior","Ensino superior","A maior parte em escola pública","Sempre","Sim","Sim","Sim","Sim","Sim","Sim","Sim","Sim","Sim","Sim","Intermediário","Alto","Intermediário","Intermediário","Intermediário","Intermediário","Baixo","Leio, escrevo e falo razoavelmente","Leio, escrevo e falo razoavelmente","Praticamente nulo","Nunca","Sempre","Nunca","Nunca","Nunca","Às vezes","Raramente","Notícias nacionais;Notícias internacional;Lazer, arte e cultura","Até 2","Outros","Não","Espírita","Cinema;Exposições de arte;Museus;Música;Teatro;TV;Viagens","Indicação de familiar/amigo","Minha vocação é seguir esta carreira","Obter competências para exercício de uma profissão","Conquistar vaga em empresa privada","Sim","Não fiz","Carro","Sempre em busca de ser melhor a cada dia, buscando sucesso profissional e pessoal."
"2020/03/09 10:02:04 PM GMT-3","1090481921018","Análise e Desenvolvimento de Sistemas (ADS)","Matutino","São Paulo (SP)","Patrocínio Paulista","Masculino","1998-01-31","Solteiro(a)","Nenhuma","0","Com pais e(ou) parentes","3","Próprio","Mais de 10 anos.","Mais que 2 até 5 SM (R$ 2.090,01- R$ 5.225,00)","2","0","1","0","0","0","3","1","1","Sim","Sim","Não","Não","Não","Não Trabalho","Não trabalho","Não trabalho","Não tenho, uso o SUS","Ensino Fundamental ll (6º ao 9º anos)","Ensino Fundamental l (1º ao 5º anos)","Sempre em escola pública","Muito","Sim","Não","Sim","Sim","Sim","Sim","Não","Sim","Não","Sim","Intermediário","Intermediário","Intermediário","Intermediário","Intermediário","Intermediário","Baixo","Leio, mas não escrevo nem falo","Praticamente nulo","Praticamente nulo","Pouco","Muito","Nunca","Nunca","Nunca","Às vezes","Não leio","Não leio jornal","Até 2","Outros","Não","Católica","Cinema;Filmes na internet;Música;TV","Indicação de familiar/amigo","Minha vocação é seguir esta carreira","Obter competências para exercício de uma profissão","Abrir meu próprio negócio","Não","Não fiz","Ônibus","Meu sonho é me formar como um profissional na área de tecnologia e ser um reconhecido profissional de destaque"
"2020/03/09 10:53:53 PM GMT-3","1090481923048","Análise e Desenvolvimento de Sistemas (ADS)","Noturno","São Paulo (SP)","Franca","Masculino","2001-09-30","Solteiro(a)","Nenhuma","0","Com pais e(ou) parentes","3","Próprio","Mais de 10 anos.","Mais que 2 até 5 SM (R$ 2.090,01- R$ 5.225,00)","3","1","1","1","0","0","2","0","1","Sim","Sim","Não","Não","Não","Não Trabalho","Não trabalho","Não trabalho","Tenho e é pago integralmente pela empresa","Ensino Médio","Ensino Médio","Sempre em escola pública","Muito","Sim","Não","Sim","Não","Não","Sim","Sim","Sim","Sim","Sim","Alto","Alto","Baixo","Intermediário","Alto","Intermediário","Nenhum","Leio, escrevo e falo razoavelmente","Leio, mas não escrevo nem falo","Praticamente nulo","Nunca","Muito","Nunca","Nunca","Pouco","Às vezes","Não leio","Não leio jornal","Nenhum","Não leio","Não","Evangélica","Cinema;Filmes na internet;Música","Indicação de familiar/amigo","Minha vocação é seguir esta carreira","Obter novos conhecimentos","Conquistar vaga em empresa privada","Não","Sim, em outra instituição","Ônibus","Sei lá "
"2020/03/09 11:13:13 PM GMT-3","1090481923016","Análise e Desenvolvimento de Sistemas (ADS)","Noturno","Minas Gerais (MG)","Franca","Masculino","1990-07-03","Solteiro(a)","Nenhuma","0","Com pais e(ou) parentes","2","Próprio","Mais de 10 anos.","Prefiro não responder","4 ou mais","0","0","3","1","0","2","3","1","Sim","Sim","Sim","Sim","Não","Não Trabalho","Não trabalho","Não trabalho","Não tenho, uso o SUS","Ensino Médio","Ensino Médio","Sempre em escola pública","Sempre","Sim","Não","Sim","Não","Não","Sim","Sim","Sim","Sim","Sim","Intermediário","Intermediário","Nenhum","Intermediário","Intermediário","Intermediário","Nenhum","Leio, escrevo e falo razoavelmente","Praticamente nulo","Praticamente nulo","Nunca","Sempre","Nunca","Às vezes","Às vezes","Às vezes","Somente aos domingos","Todos os assuntos","De 3 até 6","Ficção","Não","Católica","Cinema;Filmes na internet;Literatura;Música;Viagens","Indicação de familiar/amigo","Este curso forma profissionais facilmente absorvidos pelo mercado","Obter competências para exercício de uma profissão","Outra expectativa","Não","Sim, em uma ETEC","Carro","Prefiro guardar a minha história e sonhos de vida para amigos e familiares, nada pessoal."
"2020/03/09 11:13:59 PM GMT-3","1090481811008","Análise e Desenvolvimento de Sistemas (ADS)","Matutino","São Paulo (SP)","Franca","Masculino","1998-04-15","Solteiro(a)","Nenhuma","0","Com pais e(ou) parentes","2","Próprio","Entre 3 e 5 anos.","Até 2 SM (R$2.090,00)","2","1","1","0","1","0","2","0","1","Não","Sim","Não","Não","Sim","Sou registrado no comércio","Trabalho fora da área do curso","Tarde e noite","Tenho e é pago parcialmente pela empresa","Ensino Fundamental ll (6º ao 9º anos)","Ensino Fundamental l (1º ao 5º anos)","Sempre em escola pública","Sempre","Sim","Não","Sim","Sim","Não","Sim","Sim","Sim","Sim","Sim","Alto","Alto","Baixo","Alto","Alto","Alto","Baixo","Leio e escrevo mas não falo","Leio, mas não escrevo nem falo","Praticamente nulo","Pouco","Sempre","Nunca","Nunca","Pouco","Pouco","Diariamente","Notícias nacionais;Notícias internacional;Esporte;Notícias Policiais;Classificados","Até 2","Aventura","Não","Nenhuma","Cinema;Filmes na internet;Música;TV;Viagens","Indicação de familiar/amigo","Minha vocação é seguir esta carreira","Obter competências para exercício de uma profissão","Outra expectativa","Não","Não fiz","Moto","Meu nome é Eduardo, eu tive uma infância normal, sempre gostei de estudar e meu sonho pro futuro é conquista minha liberdade financeira e ser pai."
"2020/03/10 8:15:40 AM GMT-3","1090481921011","Análise e Desenvolvimento de Sistemas (ADS)","Matutino","São Paulo (SP)","Franca","Masculino","2000-10-11","Solteiro(a)","Nenhuma","0","Com pais e(ou) parentes","4","Próprio","Entre 5 e 10 anos.","Mais que 2 até 5 SM (R$ 2.090,01- R$ 5.225,00)","2","1","0","1","1","0","4 ou mais","1","2","Sim","Sim","Não","Não","Não","Não Trabalho","Não trabalho","Não trabalho","Não tenho, uso o SUS","Ensino superior","Ensino superior","A maior parte em escola particular com bolsa","Sempre","Sim","Não","Sim","Sim","Não","Sim","Sim","Sim","Sim","Sim","Intermediário","Intermediário","Baixo","Intermediário","Alto","Intermediário","Baixo","Leio, escrevo e falo razoavelmente","Leio, mas não escrevo nem falo","Praticamente nulo","Nunca","Muito","Muito","Pouco","Nunca","Pouco","Raramente","Notícias internacional;Esporte","De 3 até 6","Aventura","Sim","Católica","Cinema;Filmes na internet;Literatura;Música;TV;Viagens","Pelo Facebook","Este curso forma profissionais facilmente absorvidos pelo mercado","Obter competências para exercício de uma profissão","Conquistar vaga em empresa privada","Não","Não fiz","Carona","me formar"
"2020/03/10 8:20:41 AM GMT-3","1090481923006","Análise e Desenvolvimento de Sistemas (ADS)","Noturno","São Paulo (SP)","Franca","Masculino","1984-04-16","Solteiro(a)","Nenhuma","0","Com pais e(ou) parentes","4","Próprio","Mais de 10 anos.","Mais que 2 até 5 SM (R$ 2.090,01- R$ 5.225,00)","3","0","1","1","0","0","4 ou mais","0","1","Sim","Sim","Não","Não","Sim","Sou estagiário","Trabalho na área do curso","Manhã e tarde","Não tenho, uso o SUS","Ensino Médio","Ensino Fundamental l (1º ao 5º anos)","Sempre em escola pública","Sempre","Sim","Sim","Sim","Sim","Sim","Sim","Sim","Sim","Sim","Sim","Intermediário","Intermediário","Nenhum","Intermediário","Baixo","Nenhum","Nenhum","Leio, escrevo e falo fluentemente","Praticamente nulo","Praticamente nulo","Nunca","Às vezes","Nunca","Nunca","Nunca","Muito","Não leio","Não leio jornal","De 7 até 10","Ficção","Não","Nenhuma","Cinema;Filmes na internet;Literatura;Música","Indicação de familiar/amigo","Este curso forma profissionais facilmente absorvidos pelo mercado","Obter competências para exercício de uma profissão","Outra expectativa","Não","Sim, em outra instituição","Ônibus","Prefiro me abster da resposta"
"2020/03/10 8:24:50 AM GMT-3","1090481921048","Análise e Desenvolvimento de Sistemas (ADS)","Matutino","São Paulo (SP)","Franca","Masculino","1999-03-02","Solteiro(a)","Nenhuma","0","Com pais e(ou) parentes","4","Financiado","Mais de 10 anos.","Mais que 2 até 5 SM (R$ 2.090,01- R$ 5.225,00)","2","0","1","1","2","0","4 ou mais","1","2","Sim","Sim","Não","Não","Sim","Sou registrado no comércio","Trabalho fora da área do curso","Noite","Não tenho, uso o SUS","Ensino Médio","Ensino Médio","Sempre em escola pública","Muito","Sim","Não","Sim","Sim","Sim","Sim","Sim","Não","Não","Sim","Intermediário","Alto","Nenhum","Intermediário","Intermediário","Baixo","Baixo","Leio, mas não escrevo nem falo","Leio, mas não escrevo nem falo","Praticamente nulo","Pouco","Sempre","Nunca","Pouco","Muito","Sempre","Raramente","Todos os assuntos","De 3 até 6","Ficção","Não","Católica","Cinema;Filmes na internet;Literatura;Música;Viagens","Indicação de familiar/amigo","Este curso forma profissionais facilmente absorvidos pelo mercado","Obter competências para exercício de uma profissão","Conquistar vaga em empresa privada","Não","Sim, em outra instituição","Moto","teste"
"2020/03/10 8:31:17 AM GMT-3","1090481923010","Análise e Desenvolvimento de Sistemas (ADS)","Noturno","São Paulo (SP)","Franca","Masculino","1999-02-06","Solteiro(a)","Nenhuma","0","Com pais e(ou) parentes","4","Próprio","Menos de 1 ano.","Mais que 2 até 5 SM (R$ 2.090,01- R$ 5.225,00)","2","0","1","1","1","0","4 ou mais","0","1","Não","Sim","Não","Não","Sim","Sou registrado em empresa prestadora de serviço","Trabalho fora da área do curso","Manhã e tarde","Não tenho, uso o SUS","Ensino Fundamental ll (6º ao 9º anos)","Ensino Médio","A maior parte em escola pública","Sempre","Sim","Sim","Sim","Não","Sim","Sim","Sim","Sim","Sim","Sim","Intermediário","Intermediário","Baixo","Intermediário","Intermediário","Intermediário","Baixo","Leio e escrevo mas não falo","Leio, mas não escrevo nem falo","Praticamente nulo","Nunca","Sempre","Nunca","Nunca","Pouco","Às vezes","Não leio","Não leio jornal","Até 2","Ficção","Não","Nenhuma","Cinema;Filmes na internet;Música","Indicação de familiar/amigo","Minha vocação é seguir esta carreira","Obter competências para exercício de uma profissão","Melhorar cargo e salário na empresa que trabalho","Não","Sim, em outra instituição","Moto","Atingir minhas metas "
"2020/03/10 8:46:11 AM GMT-3","1090481923017","Análise e Desenvolvimento de Sistemas (ADS)","Noturno","São Paulo (SP)","Franca","Masculino","2000-10-04","Solteiro(a)","Nenhuma","0","Com pais e(ou) parentes","4","Cedido","Entre 5 e 10 anos.","Até 2 SM (R$2.090,00)","1","0","0","2","0","0","3","1","2","Sim","Sim","Não","Não","Sim","Sou registrado em empresa pública (Federal/Estadual/Municipal)","Trabalho na área do curso","Manhã e tarde","Não tenho, uso o SUS","Ensino Médio","Ensino Médio","Sempre em escola particular paga pela família","Sempre","Sim","Sim","Sim","Sim","Sim","Sim","Sim","Sim","Sim","Sim","Intermediário","Alto","Baixo","Avançado","Avançado","Avançado","Baixo","Leio, escrevo e falo razoavelmente","Praticamente nulo","Praticamente nulo","Nunca","Sempre","Nunca","Nunca","Às vezes","Muito","Não leio","Não leio jornal","De 7 até 10","Ficção","Sim","Católica","Cinema;Exposições de arte;Filmes na internet;Literatura;Música;TV","Propaganda na escola que estudava","Este curso forma profissionais facilmente absorvidos pelo mercado","Obter novos conhecimentos","Conquistar vaga em empresa privada","Não","Sim, no SENAC","Caminhando","Começo na tecnologia em 2005 em um computador da minha Tia adquirindo prévios conhecimentos no em época chamavam de Suite Microsoft Office 2003(Word, Powerpoint, Excel), Posteriormente em 2008 compro meu primeiro PC onde com conhecimento adquirido no Técnico do Senac, faço um upgrade em hardware na máquina e prossigo agora na Fatec decidido a trabalhar com software buscando conhecimento em programação web e mobile."
"2020/03/10 8:54:08 AM GMT-3","1090481921020","Análise e Desenvolvimento de Sistemas (ADS)","Matutino","São Paulo (SP)","Franca","Masculino","2001-11-30","Solteiro(a)","Nenhuma","0","Com pais e(ou) parentes","3","Próprio","Entre 5 e 10 anos.","Mais que 5 até 10 SM (R$ 5.225,01- R$ 10.450,00)","0","0","1","2","1","0","3","1","1","Sim","Sim","Não","Não","Sim","Sou registrado em Industria (Calçados/Confecções/outros)","Trabalho na área do curso","Manhã e tarde","Tenho e é um plano familiar","Ensino Médio","Ensino Fundamental ll (6º ao 9º anos)","Sempre em escola pública","Sempre","Sim","Sim","Sim","Sim","Sim","Sim","Sim","Sim","Sim","Sim","Intermediário","Alto","Nenhum","Intermediário","Intermediário","Intermediário","Intermediário","Leio, escrevo e falo razoavelmente","Praticamente nulo","Praticamente nulo","Nunca","Sempre","Às vezes","Muito","Muito","Muito","Diariamente","Notícias locais;Notícias nacionais;Notícias internacional;Esporte;Classificados","Até 2","Aventura","Sim","Evangélica","Cinema;Filmes na internet;Música;Viagens","Propaganda na escola que estudava","Este curso forma profissionais facilmente absorvidos pelo mercado","Obter competências para exercício de uma profissão","Prestar concurso público","Não","Sim, no SENAI","Carro","Gostaria de alcançar a liberdade financeira enquanto possa desfrutar dela "
"2020/03/10 9:14:05 AM GMT-3","1090481923057","Análise e Desenvolvimento de Sistemas (ADS)","Noturno","São Paulo (SP)","Franca","Masculino","1982-03-25","Casado(a) ou União Estável","Nenhuma","2","Com esposa(o) e(ou) filhos","4","Alugado","Entre 5 e 10 anos.","Mais que 5 até 10 SM (R$ 5.225,01- R$ 10.450,00)","1","0","0","1","0","0","2","0","2","Sim","Sim","Não","Não","Sim","Sou registrado no comércio","Trabalho na área do curso","Manhã e tarde","Tenho e é um plano familiar","Ensino Fundamental ll (6º ao 9º anos)","Ensino Fundamental ll (6º ao 9º anos)","Sempre em escola pública","Sempre","Sim","Sim","Sim","Sim","Sim","Sim","Sim","Sim","Não","Sim","Intermediário","Intermediário","Nenhum","Intermediário","Intermediário","Intermediário","Intermediário","Leio, escrevo e falo razoavelmente","Leio, mas não escrevo nem falo","Praticamente nulo","Nunca","Sempre","Muito","Às vezes","Pouco","Muito","Raramente","Todos os assuntos","Até 2","Autoajuda","Sim","Outra","Cinema;Filmes na internet;Literatura;Música;TV;Viagens","Indicação de familiar/amigo","Outros motivos","Obter competências para exercício de uma profissão","Melhorar cargo e salário na empresa que trabalho","Não","Não fiz","Caminhando","Sou casado, pai de dois filhos, sempre correndo atrás de meus sonhos e objetivos. Depois de muitos anos afastado dos estudos resolvi voltar, afim de aumentar conhecimento e melhorar minha vida profissional. Anseio por poder adquirir o conhecimento necessário para isto e continuar então o aprendizado. Quando se é pai a maior lição e legado que se pode passar a seus filhos é o conhecimento, e na grande maioria isto vc passa pelo exemplo."
"2020/03/10 9:32:33 AM GMT-3","1090481923041","Análise e Desenvolvimento de Sistemas (ADS)","Noturno","Minas Gerais (MG)","Franca","Masculino","1983-03-29","Casado(a) ou União Estável","Nenhuma","2","Com esposa(o) e(ou) filhos","4","Próprio","Mais de 10 anos.","Prefiro não responder","3","2","1","2","0","0","3","1","1","Sim","Sim","Sim","Sim","Sim","Sou empresário","Trabalho fora da área do curso","Manhã e tarde","Tenho e é um plano familiar","Ensino Fundamental l (1º ao 5º anos)","Ensino Médio","Sempre em escola pública","Sempre","Sim","Sim","Sim","Sim","Sim","Sim","Sim","Sim","Sim","Sim","Intermediário","Intermediário","Nenhum","Intermediário","Intermediário","Intermediário","Baixo","Praticamente nulo","Praticamente nulo","Praticamente nulo","Sempre","Sempre","Às vezes","Pouco","Sempre","Às vezes","Raramente","Notícias locais;Esporte;Lazer, arte e cultura;Classificados;Sociais","Nenhum","Não leio","Não","Católica","Cinema;Filmes na internet;Música;TV;Viagens","Indicação de familiar/amigo","Sugestão ou vontade familiar","Obter novos conhecimentos","Outra expectativa","Não","Não fiz","Carro","Após ter interrompido duas graduações e forte vontade de mudar de área de atuação profissional, escolhi o curso de ADS por ter boas referências. Minha expectativa é  poder trabalhar na área e desenvolver minhas habilidades."
"2020/03/10 10:29:05 AM GMT-3","1090481821012","Análise e Desenvolvimento de Sistemas (ADS)","Matutino","São Paulo (SP)","Franca","Masculino","1993-09-18","Solteiro(a)","Nenhuma","1","Com pais e(ou) parentes","4","Próprio","Entre 5 e 10 anos.","Mais que 2 até 5 SM (R$ 2.090,01- R$ 5.225,00)","2","1","1","1","2","0","4 ou mais","0","2","Sim","Sim","Não","Não","Sim","Sou registrado em empresa prestadora de serviço","Trabalho na área do curso","Manhã e tarde","Não tenho, uso o SUS","Ensino Fundamental ll (6º ao 9º anos)","Ensino Médio","Sempre em escola pública","Sempre","Sim","Sim","Sim","Não","Sim","Sim","Sim","Sim","Não","Sim","Intermediário","Alto","Baixo","Alto","Intermediário","Intermediário","Alto","Leio e escrevo mas não falo","Leio, mas não escrevo nem falo","Praticamente nulo","Pouco","Sempre","Nunca","Nunca","Muito","Muito","Raramente","Notícias locais;Notícias nacionais;Notícias internacional;Lazer, arte e cultura","Até 2","Ficção","Não","Nenhuma","Cinema;Filmes na internet;Música","Indicação de familiar/amigo","Este curso forma profissionais facilmente absorvidos pelo mercado","Obter competências para exercício de uma profissão","Melhorar cargo e salário na empresa que trabalho","Não","Não fiz","Moto","vim com o proposito de conseguir uma carreira solida na area de tecnologia, adquirir conhecimento básico sobre todas as partes da TI e compartilhar conhecimento e experiencia."
"2020/03/10 10:43:46 AM GMT-3","1090481923046","Análise e Desenvolvimento de Sistemas (ADS)","Noturno","São Paulo (SP)","Franca","Masculino","1985-09-11","Casado(a) ou União Estável","Nenhuma","2","Com esposa(o) e(ou) filhos","4","Financiado","Entre 5 e 10 anos.","Mais que 2 até 5 SM (R$ 2.090,01- R$ 5.225,00)","2","0","0","2","2","0","2","2","2","Não","Sim","Não","Não","Sim","Sou registrado em Industria (Calçados/Confecções/outros)","Trabalho fora da área do curso","Manhã e tarde","Tenho e é pago parcialmente pela empresa","Ensino superior","Ensino Médio","Sempre em escola pública","Sempre","Sim","Sim","Sim","Não","Sim","Sim","Sim","Sim","Sim","Sim","Intermediário","Alto","Baixo","Alto","Alto","Alto","Baixo","Leio e escrevo mas não falo","Praticamente nulo","Praticamente nulo","Nunca","Muito","Nunca","Nunca","Nunca","Muito","Não leio","Não leio jornal","Até 2","Biografia","Não","Católica","Cinema;Exposições de arte;Filmes na internet;Música;Viagens","Indicação de familiar/amigo","Outros motivos","Obter competências para exercício de uma profissão","Conquistar vaga em empresa privada","Sim","Sim, em uma ETEC","Moto","Prefiro não responder"
"2020/03/10 10:59:55 AM GMT-3","1090481921023","Análise e Desenvolvimento de Sistemas (ADS)","Noturno","São Paulo (SP)","Franca","Masculino","1986-12-26","Solteiro(a)","Nenhuma","0","Com pais e(ou) parentes","3","Próprio","Mais de 10 anos.","Mais que 2 até 5 SM (R$ 2.090,01- R$ 5.225,00)","2","0","1","1","1","0","3","1","1","Sim","Sim","Sim","Não","Não","Não Trabalho","Não trabalho","Não trabalho","Não tenho, uso o SUS","Ensino superior","Ensino Médio","A maior parte em escola particular com bolsa","Sempre","Sim","Sim","Sim","Sim","Sim","Sim","Sim","Sim","Sim","Sim","Alto","Avançado","Nenhum","Alto","Alto","Alto","Alto","Leio, escrevo e falo razoavelmente","Leio, mas não escrevo nem falo","Praticamente nulo","Às vezes","Muito","Às vezes","Pouco","Muito","Muito","Raramente","Não leio jornal","Até 2","Ficção","Não","Nenhuma","Cinema;Exposições de arte;Filmes na internet;Literatura;Museus;Música;Teatro;TV;Viagens","Cartaz de divulgação","Minha vocação é seguir esta carreira","Obter novos conhecimentos","Prestar concurso público","Não","Não fiz","Moto","Sou formado em História, e busco atuar profissionalmente na área de tecnologia."
"2020/03/10 11:00:40 AM GMT-3","1090481921004","Análise e Desenvolvimento de Sistemas (ADS)","Matutino","São Paulo (SP)","Franca","Feminino","1997-02-27","Solteiro(a)","Nenhuma","0","Com pais e(ou) parentes","5","Financiado","Mais de 10 anos.","Prefiro não responder","2","1","3","1","2","1","4 ou mais","1","2","Sim","Sim","Não","Não","Sim","Sou registrado em empresa prestadora de serviço","Trabalho fora da área do curso","Tarde e noite","Tenho e é pago integralmente pela empresa","Ensino Fundamental l (1º ao 5º anos)","Ensino Fundamental l (1º ao 5º anos)","Sempre em escola pública","Sempre","Sim","Sim","Sim","Sim","Sim","Sim","Sim","Sim","Sim","Sim","Alto","Alto","Baixo","Alto","Alto","Alto","Baixo","Leio, escrevo e falo razoavelmente","Leio, mas não escrevo nem falo","Praticamente nulo","Muito","Sempre","Pouco","Pouco","Pouco","Às vezes","Raramente","Todos os assuntos","Até 2","Romance","Sim","Evangélica","Cinema;Literatura;Música;TV","Cartaz de divulgação","Este curso forma profissionais facilmente absorvidos pelo mercado","Obter competências para exercício de uma profissão","Outra expectativa","Não","Sim, em uma ETEC","Moto","Meu sonho é me tornar uma excelente profissional"
"2020/03/10 11:40:19 AM GMT-3","1090481923015","Análise e Desenvolvimento de Sistemas (ADS)","Noturno","São Paulo (SP)","Franca","Masculino","1993-04-19","Casado(a) ou União Estável","Nenhuma","0","Com esposa(o) e(ou) filhos","2","Financiado","Entre 1 e 3 anos.","Mais que 2 até 5 SM (R$ 2.090,01- R$ 5.225,00)","1","0","0","0","1","0","3","0","3","Sim","Sim","Sim","Não","Sim","Sou registrado em Industria (Calçados/Confecções/outros)","Trabalho fora da área do curso","Manhã e tarde","Tenho e é um plano familiar","Ensino Médio","Ensino Médio","Sempre em escola pública","Sempre","Sim","Sim","Sim","Sim","Sim","Sim","Sim","Sim","Sim","Sim","Alto","Alto","Baixo","Alto","Avançado","Alto","Intermediário","Leio, mas não escrevo nem falo","Leio, mas não escrevo nem falo","Praticamente nulo","Nunca","Muito","Nunca","Nunca","Nunca","Pouco","Não leio","Não leio jornal","Até 2","Ficção","Não","Católica","Cinema;Filmes na internet;TV;Viagens","Indicação de familiar/amigo","Minha vocação é seguir esta carreira","Obter competências para exercício de uma profissão","Conquistar vaga em empresa privada","Não","Não fiz","Moto","Desejo me formar, conseguir um bom emprego na área. 
Ser um bom profissional. Formar uma família bem estruturada e ser feliz."
"2020/03/10 12:53:37 PM GMT-3","1090481921006","Análise e Desenvolvimento de Sistemas (ADS)","Matutino","Minas Gerais (MG)","Franca","Feminino","1990-11-18","Solteiro(a)","Nenhuma","0","Com pais e(ou) parentes","3","Financiado","Entre 1 e 3 anos.","Mais que 2 até 5 SM (R$ 2.090,01- R$ 5.225,00)","1","1","0","1","0","0","2","0","2","Sim","Sim","Não","Não","Não","Não Trabalho","Não trabalho","Não trabalho","Tenho e é um plano familiar","Pós-Graduação","Ensino Médio","A maior parte em escola particular paga pela família","Sempre","Sim","Não","Sim","Não","Sim","Sim","Sim","Sim","Sim","Sim","Alto","Alto","Nenhum","Alto","Alto","Intermediário","Nenhum","Leio, escrevo e falo fluentemente","Leio, mas não escrevo nem falo","Leio, mas não escrevo nem falo","Pouco","Sempre","Pouco","Nunca","Sempre","Sempre","Raramente","Todos os assuntos","De 3 até 6","Ficção","Não","Outra","Cinema;Exposições de arte;Filmes na internet;Literatura;Museus;Música;TV","Indicação de familiar/amigo","Este curso forma profissionais facilmente absorvidos pelo mercado","Obter competências para exercício de uma profissão","Conquistar vaga em empresa privada","Não","Não fiz","Ônibus",".."
"2020/03/10 1:11:06 PM GMT-3","1090481921013","Análise e Desenvolvimento de Sistemas (ADS)","Matutino","São Paulo (SP)","Franca","Masculino","2001-06-02","Solteiro(a)","Nenhuma","0","Com pais e(ou) parentes","4","Alugado","Menos de 1 ano.","Até 2 SM (R$2.090,00)","1","0","0","1","1","0","4 ou mais","1","1","Não","Sim","Não","Não","Não","Não Trabalho","Não trabalho","Não trabalho","Não tenho, uso o SUS","Ensino Médio","Ensino Fundamental ll (6º ao 9º anos)","Sempre em escola pública","Sempre","Sim","Não","Sim","Não","Não","Sim","Sim","Sim","Não","Não","Intermediário","Intermediário","Nenhum","Intermediário","Intermediário","Baixo","Nenhum","Leio, escrevo e falo razoavelmente","Praticamente nulo","Praticamente nulo","Pouco","Sempre","Pouco","Nunca","Muito","Sempre","Raramente","Notícias locais;Esporte","Até 2","Romance","Não","Nenhuma","Cinema;Filmes na internet;Música;TV","Indicação de familiar/amigo","Sugestão ou vontade familiar","Obter competências para exercício de uma profissão","Conquistar vaga em empresa privada","Não","Não fiz","Ônibus","."
"2020/03/10 3:32:58 PM GMT-3","1090481823011","Análise e Desenvolvimento de Sistemas (ADS)","Noturno","São Paulo (SP)","Franca","Masculino","1990-07-16","Solteiro(a)","Nenhuma","0","Com pais e(ou) parentes","3","Financiado","Mais de 10 anos.","Mais que 2 até 5 SM (R$ 2.090,01- R$ 5.225,00)","2","0","0","2","0","0","3","0","3","Não","Sim","Não","Não","Sim","Sou estagiário","Trabalho na área do curso","Manhã e tarde","Tenho e é um plano familiar","Ensino superior","Ensino superior","A maior parte em escola pública","Sempre","Sim","Sim","Sim","Sim","Sim","Sim","Sim","Sim","Sim","Sim","Alto","Alto","Baixo","Alto","Avançado","Baixo","Intermediário","Leio, escrevo e falo fluentemente","Leio, mas não escrevo nem falo","Leio, escrevo e falo razoavelmente","Nunca","Sempre","Pouco","Nunca","Às vezes","Muito","Não leio","Não leio jornal","Até 2","Romance","Não","Espírita","Cinema;Filmes na internet;Literatura;Música;Teatro;TV","Indicação de familiar/amigo","Sugestão ou vontade familiar","Obter competências para exercício de uma profissão","Abrir meu próprio negócio","Não","Não fiz","Ônibus","Sou formado em Gestão Financeira, vivi a maior parte da minha em Patrocínio Paulista e hoje almejo uma carreira empreendendo na área de TI."
"2020/03/10 8:48:37 PM GMT-3","1090481921014","Análise e Desenvolvimento de Sistemas (ADS)","Matutino","São Paulo (SP)","Franca","Masculino","1993-09-16","Solteiro(a)","Nenhuma","0","Com pais e(ou) parentes","2","Alugado","Menos de 1 ano.","Mais que 2 até 5 SM (R$ 2.090,01- R$ 5.225,00)","1","0","0","1","1","0","2","0","2","Não","Sim","Não","Não","Sim","Sou estagiário","Trabalho na área do curso","Tarde e noite","Tenho e é um plano individual","Ensino superior","Ensino superior","A maior parte em escola pública","Sempre","Sim","Sim","Sim","Sim","Sim","Sim","Sim","Sim","Sim","Sim","Alto","Alto","Intermediário","Alto","Alto","Intermediário","Nenhum","Leio, escrevo e falo fluentemente","Leio e escrevo mas não falo","Leio e escrevo mas não falo","Nunca","Sempre","Às vezes","Nunca","Nunca","Muito","Não leio","Não leio jornal","Mais de 10","Outros","Não","Nenhuma","Filmes na internet;Literatura;Música;Viagens","Indicação de familiar/amigo","Este curso forma profissionais facilmente absorvidos pelo mercado","Obter competências para exercício de uma profissão","Conquistar vaga em empresa privada","Não","Sim, em uma ETEC","Carro","Graduado em Ciências Sociais e mestre em antropologia social pela UFSCar, mudei de área para melhores condições financeiras e constituir meu ""sonho de vida"": uma vida tranquila, em contato com a natureza, com estabilidade financeira e social."
"2020/03/10 11:22:10 PM GMT-3","1090481921047","Análise e Desenvolvimento de Sistemas (ADS)","Matutino","São Paulo (SP)","Franca","Feminino","1993-12-29","Solteiro(a)","Nenhuma","0","Com pais e(ou) parentes","4","Financiado","Entre 3 e 5 anos.","Mais que 2 até 5 SM (R$ 2.090,01- R$ 5.225,00)","1","1","0","1","0","0","3","1","1","Não","Sim","Sim","Não","Não","Não Trabalho","Não trabalho","Não trabalho","Não tenho, uso o SUS","Ensino Fundamental ll (6º ao 9º anos)","Ensino Fundamental ll (6º ao 9º anos)","Sempre em escola pública","Muito","Sim","Não","Sim","Não","Não","Sim","Sim","Sim","Não","Não","Intermediário","Intermediário","Nenhum","Intermediário","Intermediário","Baixo","Baixo","Leio, mas não escrevo nem falo","Leio, mas não escrevo nem falo","Praticamente nulo","Nunca","Sempre","Pouco","Nunca","Às vezes","Sempre","Raramente","Todos os assuntos","Mais de 10","Policial","Não","Católica","Filmes na internet;Literatura","Pelo Facebook","Este curso forma profissionais facilmente absorvidos pelo mercado","Obter competências para exercício de uma profissão","Prestar concurso público","Não","Não fiz","Ônibus","pretendo conquistar um bom emprego futuramente"
"2020/03/10 11:40:55 PM GMT-3","1090481921021","Análise e Desenvolvimento de Sistemas (ADS)","Matutino","São Paulo (SP)","Franca","Feminino","2001-06-13","Solteiro(a)","Nenhuma","0","Com pais e(ou) parentes","4","Próprio","Mais de 10 anos.","Mais que 2 até 5 SM (R$ 2.090,01- R$ 5.225,00)","2","1","1","2","1","0","4 ou mais","2","0","Sim","Sim","Sim","Não","Não","Não Trabalho","Não trabalho","Não trabalho","Não tenho, uso o SUS","Ensino Médio","Ensino superior","Sempre em escola particular com bolsa","Sempre","Sim","Não","Sim","Sim","Sim","Sim","Sim","Sim","Não","Sim","Intermediário","Intermediário","Baixo","Alto","Alto","Alto","Baixo","Leio, escrevo e falo fluentemente","Leio, mas não escrevo nem falo","Praticamente nulo","Nunca","Muito","Pouco","Pouco","Pouco","Muito","Raramente","Notícias locais;Notícias nacionais;Notícias internacional;Lazer, arte e cultura","Até 2","Aventura","Não","Evangélica","Cinema;Filmes na internet;Música","Indicação de familiar/amigo","Este curso forma profissionais facilmente absorvidos pelo mercado","Obter competências para exercício de uma profissão","Prestar concurso público","Não","Não fiz","Carro","Sempre vivi em Franca e não conheço muito de fora da cidade. Estou entrando nesta área com a esperança de poder ter um emprego estável e com boa remuneração. Ser capaz de viver com conforto, viajar, conhecer coisas e pessoas novas. Ter dinheiro para comprar videogames, consoles e computadores de qualidade. E passar tempo com a família e amigos."
"2020/03/11 8:54:29 AM GMT-3","1090481923042","Análise e Desenvolvimento de Sistemas (ADS)","Noturno","São Paulo (SP)","Franca","Masculino","1996-05-13","Solteiro(a)","Nenhuma","0","Com pais e(ou) parentes","3","Próprio","Entre 5 e 10 anos.","Mais que 2 até 5 SM (R$ 2.090,01- R$ 5.225,00)","1","0","1","1","1","0","3","1","1","Sim","Sim","Sim","Não","Não","Não Trabalho","Não trabalho","Não trabalho","Tenho e é um plano familiar","Ensino Médio","Ensino Fundamental ll (6º ao 9º anos)","A maior parte em escola particular paga pela família","Sempre","Sim","Não","Sim","Não","Sim","Sim","Sim","Sim","Não","Sim","Alto","Alto","Nenhum","Baixo","Baixo","Nenhum","Alto","Leio, escrevo e falo razoavelmente","Leio e escrevo mas não falo","Praticamente nulo","Nunca","Sempre","Nunca","Nunca","Às vezes","Às vezes","Algumas vezes por semana","Notícias locais;Notícias nacionais;Notícias internacional;Classificados","Nenhum","Não leio","Não","Nenhuma","Cinema;Filmes na internet;Música;Viagens","Indicação de familiar/amigo","Minha vocação é seguir esta carreira","Obter novos conhecimentos","Conquistar vaga em empresa privada","Não","Não fiz","Carro","Nasci em Franca, cresci e me formei como adulto no interior de Goiás. Sinto saudades da cidade calma e pacata, mas as oportunidades de trabalhar com o que gosto não estão lá. Sonho em trabalhar no ramo de TI e de principalmente produzir e desenvolver softwares que eu me sentisse realizado e confortável em usar."
"2020/03/11 8:57:47 AM GMT-3","1090481923044","Análise e Desenvolvimento de Sistemas (ADS)","Noturno","São Paulo (SP)","Franca","Masculino","1999-02-01","Solteiro(a)","Nenhuma","0","Com pais e(ou) parentes","4","Próprio","Mais de 10 anos.","Mais que 5 até 10 SM (R$ 5.225,01- R$ 10.450,00)","1","0","1","3","0","0","3","2","2","Sim","Sim","Não","Não","Sim","Sou registrado em empresa prestadora de serviço","Trabalho na área do curso","Manhã e tarde","Tenho e é pago integralmente pela empresa","Ensino Médio","Ensino Médio","Sempre em escola pública","Pouco","Sim","Sim","Não","Não","Sim","Não","Não","Não","Não","Não","Intermediário","Baixo","Nenhum","Baixo","Baixo","Baixo","Baixo","Leio, mas não escrevo nem falo","Leio, mas não escrevo nem falo","Praticamente nulo","Às vezes","Muito","Nunca","Pouco","Muito","Muito","Raramente","Todos os assuntos","Até 2","Ficção","Não","Nenhuma","Cinema;Filmes na internet;Música;TV","Indicação de familiar/amigo","Este curso forma profissionais que são bem remunerados","Obter competências para exercício de uma profissão","Melhorar cargo e salário na empresa que trabalho","Não","Não fiz","Carro","Meu sonhos se consistem em um realização pessoal e profissional, onde eu consiga exercer o que eu gosto e sei fazer, de forma que eu não necessite realizar algum trabalho em alguma área que não seja do meu agrado. "
"2020/03/11 9:43:20 AM GMT-3","1090481811001","Análise e Desenvolvimento de Sistemas (ADS)","Matutino","São Paulo (SP)","Cristais Paulista","Masculino","2020-03-11","Casado(a) ou União Estável","Nenhuma;Auditiva;de Fala","3","Com esposa(o) e(ou) filhos","4","Alugado","Mais de 10 anos.","Mais que 5 até 10 SM (R$ 5.225,01- R$ 10.450,00)","1","1","2","2","0","1","3","0","3","Sim","Sim","Não","Não","Sim","Sou empresário","Trabalho na área do curso","Manhã e noite","Tenho e é pago parcialmente pela empresa","Ensino superior","Pós-Graduação","A maior parte em escola pública","Sempre","Sim","Sim","Sim","Não","Sim","Sim","Sim","Sim","Sim","Sim","Avançado","Avançado","Avançado","Avançado","Avançado","Avançado","Avançado","Leio, escrevo e falo fluentemente","Leio, mas não escrevo nem falo","Praticamente nulo","Muito","Sempre","Muito","Nunca","Às vezes","Às vezes","Raramente","Notícias locais;Notícias nacionais;Notícias internacional;Lazer, arte e cultura","Mais de 10","Romance","Sim","Outra","Filmes na internet;Literatura;Música;Teatro;TV;Viagens","Indicação de familiar/amigo","Minha vocação é seguir esta carreira","Obter novos conhecimentos","Ingressar na carreira acadêmica","Não","Não fiz","Carro","Meu sonho é poder dedicar mais do meu tempo aos estudos e à leitura"
"2020/03/11 10:03:14 AM GMT-3","1090481921005","Análise e Desenvolvimento de Sistemas (ADS)","Matutino","Rondônia (RO)","Franca","Feminino","1988-06-23","Solteiro(a)","Nenhuma","0","Sozinho","1","Alugado","Menos de 1 ano.","Até 2 SM (R$2.090,00)","1","0","0","1","0","0","1","0","1","Não","Sim","Não","Não","Sim","Sou autonomo","Trabalho fora da área do curso","Tarde","Tenho e é um plano individual","Ensino Médio","Ensino superior","A maior parte em escola particular paga pela família","Sempre","Sim","Sim","Sim","Não","Sim","Sim","Sim","Sim","Sim","Sim","Alto","Alto","Nenhum","Alto","Intermediário","Intermediário","Baixo","Leio, escrevo e falo razoavelmente","Leio, escrevo e falo razoavelmente","Praticamente nulo","Muito","Sempre","Pouco","Pouco","Muito","Muito","Algumas vezes por semana","Notícias nacionais;Notícias internacional","Até 2","Ficção","Não","Nenhuma","Filmes na internet;Música;TV;Viagens","Indicação de familiar/amigo","Este curso forma profissionais facilmente absorvidos pelo mercado","Obter competências para exercício de uma profissão","Abrir meu próprio negócio","Não","Não fiz","Carro","Sou formada em direita e ainda trabalho como advogada. Pretendo mudar de área e trabalhar com desenvolvimento de sistemas."
"2020/03/11 10:07:07 AM GMT-3","1090481921049","Análise e Desenvolvimento de Sistemas (ADS)","Matutino","São Paulo (SP)","Franca","Masculino","1997-12-03","Solteiro(a)","Nenhuma","0","Com pais e(ou) parentes","5","Próprio","Entre 1 e 3 anos.","Mais que 2 até 5 SM (R$ 2.090,01- R$ 5.225,00)","3","0","0","2","0","0","4 ou mais","0","1","Não","Sim","Não","Não","Sim","Sou registrado em empresa prestadora de serviço","Trabalho fora da área do curso","Tarde","Não tenho, uso o SUS","Ensino Médio","Ensino superior","A maior parte em escola pública","Sempre","Sim","Sim","Sim","Não","Sim","Sim","Sim","Sim","Não","Não","Baixo","Baixo","Nenhum","Baixo","Baixo","Baixo","Intermediário","Leio, mas não escrevo nem falo","Leio, mas não escrevo nem falo","Leio, mas não escrevo nem falo","Nunca","Sempre","Nunca","Nunca","Pouco","Muito","Raramente","Esporte","Até 2","Ficção","Não","Espírita","Cinema;Filmes na internet;Literatura;Música;Teatro;Viagens","Indicação de familiar/amigo","Este curso forma profissionais facilmente absorvidos pelo mercado","Obter competências para exercício de uma profissão","Conquistar vaga em empresa privada","Não","Sim, no SENAI","Carro","Quero ter um emprego bom com essas faculdade "
"2020/03/11 10:07:56 AM GMT-3","1090481923011","Análise e Desenvolvimento de Sistemas (ADS)","Matutino","São Paulo (SP)","Franca","Feminino","1964-02-10","Casado(a) ou União Estável","Nenhuma","1","Com esposa(o) e(ou) filhos","2","Financiado","Mais de 10 anos.","Mais que 2 até 5 SM (R$ 2.090,01- R$ 5.225,00)","1","0","1","1","0","0","2","0","1","Sim","Sim","Não","Não","Não","Não Trabalho","Não trabalho","Não trabalho","Tenho e é pago parcialmente pela empresa","Ensino Fundamental l (1º ao 5º anos)","Ensino Fundamental ll (6º ao 9º anos)","Sempre em escola pública","Sempre","Sim","Não","Sim","Não","Não","Sim","Sim","Sim","Sim","Sim","Intermediário","Alto","Nenhum","Alto","Avançado","Alto","Alto","Praticamente nulo","Leio, mas não escrevo nem falo","Praticamente nulo","Muito","Muito","Nunca","Pouco","Muito","Às vezes","Raramente","Todos os assuntos","De 3 até 6","Romance","Não","Católica","Cinema;Filmes na internet;Literatura;TV;Viagens","Pelo Facebook","Este curso forma profissionais facilmente absorvidos pelo mercado","Obter competências para exercício de uma profissão","Outra expectativa","Não","Não fiz","Carro","Trabalhei como professora na secretaria da educação do estado de São Paulo, atualmente estou aposentada e pretendo completar renda trabalho como analista e programadora, como freelance em casa."
"2020/03/11 10:10:09 AM GMT-3","1090481921034","Análise e Desenvolvimento de Sistemas (ADS)","Noturno","São Paulo (SP)","Franca","Masculino","1988-11-28","Solteiro(a)","Nenhuma","0","Com pais e(ou) parentes","5","Próprio","Mais de 10 anos.","Mais que 5 até 10 SM (R$ 5.225,01- R$ 10.450,00)","1","1","0","2","0","0","4 ou mais","0","1","Sim","Sim","Não","Não","Não","Não Trabalho","Não trabalho","Não trabalho","Não tenho, uso o SUS","Ensino Fundamental ll (6º ao 9º anos)","Ensino Médio","Sempre em escola pública","Sempre","Sim","Não","Sim","Não","Sim","Sim","Sim","Sim","Não","Não","Avançado","Avançado","Baixo","Avançado","Avançado","Avançado","Intermediário","Leio e escrevo mas não falo","Leio e escrevo mas não falo","Praticamente nulo","Pouco","Sempre","Nunca","Nunca","Muito","Sempre","Diariamente","Notícias nacionais;Notícias internacional;Esporte;Lazer, arte e cultura","De 3 até 6","Biografia","Não","Outra","Cinema;Filmes na internet;Literatura;Música;Teatro","Indicação de familiar/amigo","Este curso forma profissionais que são bem remunerados","Obter competências para exercício de uma profissão","Conquistar vaga em empresa privada","Não","Não fiz","Bicicleta","Tenho o sonho de conseguir minha estabilidade financeira."
"2020/03/11 10:11:34 AM GMT-3","1090481921043","Análise e Desenvolvimento de Sistemas (ADS)","Matutino","São Paulo (SP)","Franca","Masculino","2001-09-20","Solteiro(a)","Nenhuma","0","Com pais e(ou) parentes","4","Próprio","Mais de 10 anos.","Mais que 2 até 5 SM (R$ 2.090,01- R$ 5.225,00)","4 ou mais","0","0","2","1","0","4 ou mais","1","3","Não","Sim","Não","Não","Sim","Sou registrado no comércio","Trabalho fora da área do curso","Tarde e noite","Tenho e é um plano individual","Ensino Fundamental ll (6º ao 9º anos)","Ensino superior","Sempre em escola pública","Às vezes","Não","Sim","Não","Não","Sim","Não","Não","Não","Não","Não","Alto","Alto","Baixo","Alto","Alto","Alto","Baixo","Leio e escrevo mas não falo","Praticamente nulo","Praticamente nulo","Muito","Sempre","Nunca","Pouco","Muito","Muito","Não leio","Não leio jornal","Nenhum","Não leio","Não","Evangélica","Cinema;Filmes na internet;Música;TV","Propaganda na escola que estudava","É um curso bem conceituado na região","Obter competências para exercício de uma profissão","Conquistar vaga em empresa privada","Sim","Sim, em uma ETEC","Carro","ganhar dinheiro e ter uma vida boa!"
"2020/03/11 10:12:31 AM GMT-3","1090481921044","Análise e Desenvolvimento de Sistemas (ADS)","Matutino","São Paulo (SP)","Franca","Feminino","1993-09-01","Casado(a) ou União Estável","Nenhuma","0","Com esposa(o) e(ou) filhos","2","Alugado","Menos de 1 ano.","Mais que 2 até 5 SM (R$ 2.090,01- R$ 5.225,00)","1","0","1","1","0","2","2","1","2","Não","Sim","Não","Não","Sim","Sou autonomo","Trabalho na área do curso","Tarde e noite","Não tenho, uso o SUS","Ensino Fundamental l (1º ao 5º anos)","Ensino Médio","Sempre em escola pública","Sempre","Sim","Sim","Sim","Sim","Sim","Sim","Sim","Sim","Sim","Sim","Intermediário","Alto","Baixo","Alto","Alto","Alto","Alto","Leio, mas não escrevo nem falo","Praticamente nulo","Praticamente nulo","Pouco","Muito","Pouco","Muito","Muito","Muito","Somente aos domingos","Notícias locais;Notícias nacionais;Notícias internacional;Lazer, arte e cultura;Notícias Policiais;Sociais","De 3 até 6","Autoajuda","Não","Católica","Cinema;Filmes na internet;Música","Indicação de familiar/amigo","Porque já trabalho na área","Obter competências para exercício de uma profissão","Outra expectativa","Não","Sim, em uma ETEC","Carro"," - Pretendo aumentar meus ganhos, conseguir uma estabilidade financeira.
 - Fazer uma especialização."
"2020/03/11 10:14:19 AM GMT-3","1090481921038","Análise e Desenvolvimento de Sistemas (ADS)","Matutino","São Paulo (SP)","Franca","Masculino","2001-05-22","Solteiro(a)","Nenhuma","0","Com pais e(ou) parentes","5","Próprio","Mais de 10 anos.","Mais que 5 até 10 SM (R$ 5.225,01- R$ 10.450,00)","3","2","2","2","0","0","4 ou mais","0","2","Sim","Sim","Sim","Não","Não","Não Trabalho","Não trabalho","Não trabalho","Não tenho, uso o SUS","Ensino superior","Ensino superior","Sempre em escola pública","Muito","Sim","Não","Sim","Sim","Não","Sim","Sim","Sim","Não","Sim","Intermediário","Alto","Baixo","Intermediário","Intermediário","Intermediário","Baixo","Leio, escrevo e falo razoavelmente","Praticamente nulo","Praticamente nulo","Pouco","Muito","Às vezes","Pouco","Às vezes","Às vezes","Raramente","Todos os assuntos","De 3 até 6","Ficção","Não","Espírita","Cinema;Exposições de arte;Filmes na internet;Literatura;Museus;Música;Teatro;Viagens","Indicação de familiar/amigo","Este curso forma profissionais facilmente absorvidos pelo mercado","Obter competências para exercício de uma profissão","Conquistar vaga em empresa privada","Não","Não fiz","Bicicleta","-Tenho 18 anos de idade, pretendi me formar e ingressar em uma grande empresa privada."
"2020/03/11 10:17:50 AM GMT-3","1090481921030","Análise e Desenvolvimento de Sistemas (ADS)","Matutino","São Paulo (SP)","Franca","Masculino","1998-03-05","Solteiro(a)","Nenhuma","0","Com esposa(o) e(ou) filhos","2","Alugado","Menos de 1 ano.","Mais que 2 até 5 SM (R$ 2.090,01- R$ 5.225,00)","1","0","0","1","0","0","2","0","1","Não","Sim","Não","Não","Sim","Sou registrado em empresa prestadora de serviço","Trabalho fora da área do curso","Tarde e noite","Não tenho, uso o SUS","Ensino Fundamental ll (6º ao 9º anos)","Ensino Fundamental l (1º ao 5º anos)","Sempre em escola pública","Sempre","Sim","Sim","Sim","Sim","Sim","Sim","Sim","Sim","Não","Sim","Alto","Alto","Intermediário","Avançado","Avançado","Avançado","Baixo","Leio, escrevo e falo razoavelmente","Leio, escrevo e falo razoavelmente","Praticamente nulo","Nunca","Sempre","Nunca","Nunca","Sempre","Sempre","Não leio","Não leio jornal","De 3 até 6","Ficção","Não","Nenhuma","Cinema;Filmes na internet;Literatura;Música;TV","Indicação de familiar/amigo","Minha vocação é seguir esta carreira","Obter novos conhecimentos","Conquistar vaga em empresa privada","Sim","Sim, em uma ETEC","Carro","Sempre tive facilidade com tecnologia, espero conseguir conquistar o meu espaço e inovar na área"
"2020/03/11 10:22:20 AM GMT-3","1090481921035","Análise e Desenvolvimento de Sistemas (ADS)","Matutino","São Paulo (SP)","Franca","Masculino","1996-09-13","Solteiro(a)","Nenhuma","0","Sozinho","1","Alugado","Entre 1 e 3 anos.","Mais que 5 até 10 SM (R$ 5.225,01- R$ 10.450,00)","2","0","0","1","0","0","2","1","1","Não","Sim","Não","Sim","Sim","Sou registrado em empresa prestadora de serviço","Trabalho fora da área do curso","Tarde e noite","Tenho e é pago parcialmente pela empresa","Ensino Médio","Ensino Médio","A maior parte em escola pública","Sempre","Sim","Sim","Sim","Não","Sim","Sim","Sim","Sim","Sim","Sim","Alto","Alto","Baixo","Alto","Alto","Alto","Intermediário","Leio, escrevo e falo razoavelmente","Leio, mas não escrevo nem falo","Praticamente nulo","Às vezes","Sempre","Pouco","Às vezes","Muito","Muito","Diariamente","Todos os assuntos;Notícias nacionais;Notícias internacional;Esporte","De 3 até 6","Outros","Sim","Nenhuma","Cinema;Filmes na internet;Música;Teatro;Viagens","Indicação de familiar/amigo","Este curso forma profissionais que são bem remunerados","Obter novos conhecimentos","Abrir meu próprio negócio","Não","Não fiz","Carro","Sou de SP Capital, morava em São Carlos e vim transferido para Franca pelo minha empresa. Entrei na empresa como aprendiz e fui promovido 3 vezes desde então. Não tenho familiares próximos, moro com meu shitzu. Tenho perspectivar de prestar serviços como Freelancer com os conhecimentos do curso, até ter musculatura formada para criar minha empresa."
"2020/03/11 10:24:43 AM GMT-3","1090481921024","Análise e Desenvolvimento de Sistemas (ADS)","Matutino","São Paulo (SP)","Franca","Masculino","2001-02-20","Solteiro(a)","Visual","0","Com pais e(ou) parentes","3","Próprio","Mais de 10 anos.","Até 2 SM (R$2.090,00)","0","0","1","0","0","0","2","1","1","Não","Sim","Não","Não","Sim","Sou registrado no comércio","Trabalho fora da área do curso","Tarde e noite","Não tenho, uso o SUS","Ensino Médio","Ensino Médio","Sempre em escola pública","Sempre","Sim","Sim","Sim","Não","Sim","Sim","Sim","Sim","Sim","Sim","Alto","Alto","Nenhum","Alto","Alto","Intermediário","Nenhum","Leio, escrevo e falo razoavelmente","Leio, escrevo e falo razoavelmente","Praticamente nulo","Pouco","Sempre","Pouco","Nunca","Muito","Muito","Não leio","Não leio jornal","Nenhum","Não leio","Não","Nenhuma","Cinema;Filmes na internet;Música;TV","Indicação de familiar/amigo","Este curso forma profissionais facilmente absorvidos pelo mercado","Obter competências para exercício de uma profissão","Melhorar cargo e salário na empresa que trabalho","Não","Não fiz","Ônibus","Venho de família simples e busco me formar e melhorar meus conhecimentos, para exercer minha profissão com qualidade e trazer auxílio a minha família."
"2020/03/11 11:15:04 AM GMT-3","1090481921040","Análise e Desenvolvimento de Sistemas (ADS)","Matutino","São Paulo (SP)","Franca","Não sei responder","1996-11-11","Solteiro(a)","Nenhuma","0","Com pais e(ou) parentes","4","Próprio","Mais de 10 anos.","Prefiro não responder","1","0","1","2","0","0","4 ou mais","1","1","Não","Sim","Não","Não","Não","Não Trabalho","Não trabalho","Não trabalho","Não tenho, uso o SUS","Ensino Fundamental ll (6º ao 9º anos)","Ensino Fundamental l (1º ao 5º anos)","Sempre em escola pública","Sempre","Sim","Não","Sim","Sim","Não","Sim","Sim","Sim","Sim","Sim","Alto","Alto","Intermediário","Intermediário","Alto","Alto","Baixo","Leio e escrevo mas não falo","Leio, escrevo e falo razoavelmente","Praticamente nulo","Nunca","Sempre","Às vezes","Pouco","Muito","Às vezes","Não leio","Não leio jornal","Até 2","Autoajuda","Não","Espírita","Cinema;Filmes na internet;Música;TV","Indicação de familiar/amigo","Minha vocação é seguir esta carreira","Obter competências para exercício de uma profissão","Abrir meu próprio negócio","Não","Sim, em uma ETEC","Carro","Pretendo me aperfeiçoar como programador/desenvolvedor, e abrir meu próprio negócio."
"2020/03/11 9:54:11 PM GMT-3","1090481923053","Análise e Desenvolvimento de Sistemas (ADS)","Noturno","São Paulo (SP)","Franca","Masculino","2001-09-17","Solteiro(a)","Nenhuma","0","Com pais e(ou) parentes","3","Próprio","Entre 1 e 3 anos.","Mais que 2 até 5 SM (R$ 2.090,01- R$ 5.225,00)","1","0","1","1","1","0","3","1","1","Sim","Sim","Não","Não","Sim","Sou registrado em empresa prestadora de serviço","Trabalho fora da área do curso","Manhã e tarde","Tenho e é um plano familiar","Pós-Graduação","Ensino Médio","Sempre em escola pública","Às vezes","Sim","Sim","Sim","Não","Sim","Sim","Sim","Sim","Não","Sim","Baixo","Baixo","Nenhum","Intermediário","Intermediário","Intermediário","Baixo","Leio, escrevo e falo razoavelmente","Praticamente nulo","Praticamente nulo","Nunca","Sempre","Pouco","Nunca","Às vezes","Muito","Não leio","Não leio jornal","Nenhum","Não leio","Não","Nenhuma","Cinema;Exposições de arte;Filmes na internet;Museus;Música;Teatro;Viagens","Indicação de familiar/amigo","Este curso forma profissionais facilmente absorvidos pelo mercado","Não tenho expectativa alguma","Nenhuma expectativa","Não","Sim, em uma ETEC","Carona","Trabalhar em algo que eu goste e ser reconhecido por isso."
"2020/03/11 9:56:41 PM GMT-3","1090481923045","Análise e Desenvolvimento de Sistemas (ADS)","Noturno","São Paulo (SP)","Franca","Masculino","1998-11-30","Solteiro(a)","Nenhuma","0","Com pais e(ou) parentes","3","Próprio","Entre 3 e 5 anos.","Mais que 5 até 10 SM (R$ 5.225,01- R$ 10.450,00)","1","0","0","2","0","0","3","1","1","Sim","Sim","Não","Não","Sim","Sou registrado em Industria (Calçados/Confecções/outros)","Trabalho fora da área do curso","Manhã e tarde","Não tenho, uso o SUS","Ensino Médio","Ensino Médio","Sempre em escola pública","Muito","Sim","Não","Sim","Sim","Sim","Sim","Sim","Sim","Sim","Sim","Intermediário","Baixo","Baixo","Intermediário","Intermediário","Intermediário","Nenhum","Praticamente nulo","Leio, escrevo e falo razoavelmente","Praticamente nulo","Sempre","Sempre","Pouco","Pouco","Sempre","Sempre","Raramente","Todos os assuntos","Nenhum","Não leio","Não","Evangélica","Música;TV;Viagens","Cartaz de divulgação","Este curso forma profissionais facilmente absorvidos pelo mercado","Obter novos conhecimentos","Conquistar vaga em empresa privada","Não","Sim, em uma ETEC","Carro","Minhas expectativas são de constituir a minha familia com uma carrrira profissional e concluindo o ensino superior, continuar buscando novas oportunidades e conhecimentos..."